#symbol,announce_date,alloc_stock,alloc_price,total_share,x_date,registration_date,paydate_start,paydate_end,list_date,amount
600001.sh,20000513,2.7272,5.5,1365510000,20000529,20000526,20000529 00:00:00,20000609,20000628,,
600036.sh,20100302,1.3,8.85,19119500000,20100315,20100304,20100305 00:00:00,20100311,20100319,,
600038.sh,20030830,1.875,14.09,240000000,20030909,20030908,20030909 00:00:00,20030922,20031008,,
600050.sh,20040629,3,3,19696600000,20040707,20040706,20040707 00:00:00,20040720,20040729,,
600052.sh,20010727,3,10.12,423360000,20010807,20010806,20010807 00:00:00,20010820,20010926,,
600052.sh,19990625,3,6.95,252000000,19990712,19990709,19990712 00:00:00,19990726,19990818,,
600053.sh,20000414,3,6.88,136500000,20000428,20000427,20000428 00:00:00,20000522,20000712,,
600055.sh,19991020,3,9,100000000,19991104,19991103,19991104 00:00:00,19991117,19991208,,
600056.sh,20001016,3,12.5,120000000,20001030,20001027,20001030 00:00:00,20001110,20001219,,
600057.sh,19990616,1.7647,19,187000000,19990701,19990630,19990701 00:00:00,19990714,19990812,,
600058.sh,20080219,3,18,826973000,20080303,20080221,20080222 00:00:00,20080228,20080313,,
600058.sh,19980731,2.3076,10,300000000,19980817,19980814,19980817 00:00:00,19980828,19980916,,
600059.sh,20010725,3,12.96,206000000,20010802,20010801,20010802 00:00:00,20010815,20010904,,
600059.sh,19990803,3,8,180000000,19990818,19990817,19990818 00:00:00,19990831,19990917,,
600060.sh,20001229,6,12.18,414491000,20010115,20010112,20010115 00:00:00,20010209,20010302,,
600060.sh,19980612,3,11,270000000,19980629,19980626,19980629 00:00:00,19980710,19980727,,
600061.sh,20000824,3,8,132000000,20000908,20000907,20000908 00:00:00,20000921,20001018,,
600062.sh,20010705,3,13,305695000,20010713,20010712,20010713 00:00:00,20010726,20010820,,
600062.sh,19990713,2,9.2,220500000,19990729,19990728,19990729 00:00:00,19990811,19990825,,
600063.sh,20000516,1.7857,6.5,235200000,20000530,20000529,20000530 00:00:00,20000612,20000630,,
600064.sh,19980730,2.5,10,175200000,19980813,19980812,19980813 00:00:00,19980826,19980907,,
600066.sh,20000927,3,10,113822000,20001019,20001018,20001019 00:00:00,20001101,20001201,,
600066.sh,19980806,3,12,73000000,19980821,19980820,19980821 00:00:00,19980903,19980930,,
600067.sh,20000512,3,5.2,82968500,20000529,20000526,20000529 00:00:00,20000609,20000719,,
600068.sh,20091029,3,4.26,1665410000,20091111,20091102,20091103 00:00:00,20091109,20091117,,
600068.sh,20000905,3,5.7,623000000,20000920,20000919,20000920 00:00:00,20001010,20001114,,
600068.sh,19980605,2.72727,8,539000000,19980622,19980619,19980622 00:00:00,19980703,19980729,,
600069.sh,19981007,3,7,160000000,19981022,19981021,19981022 00:00:00,19981104,19981130,,
600070.sh,20020614,3,13,75733000,20020624,20020621,20020624 00:00:00,20020705,20020719,,
600070.sh,19991019,3,8,67200000,19991103,19991102,19991103 00:00:00,19991117,19991209,,
600071.sh,19990922,3,8,94520000,19991013,19991012,19991013 00:00:00,19991026,19991129,,
600072.sh,19990618,3,8.28,132010000,19990702,19990701,19990702 00:00:00,19990715,19990728,,
600074.sh,19990930,2.0833,8,129600000,19991020,19991019,19991020 00:00:00,19991102,19991119,,
600075.sh,19981208,6,9.5,113400000,19981228,19981225,19981228 00:00:00,19990112,19990203,,
600076.sh,20011206,3,11.98,224416000,20011217,20011213,20011217 00:00:00,20011228,20020121,,
600077.sh,19991013,2.3077,9.6,104125000,19991028,19991027,19991028 00:00:00,19991110,19991228,,
600078.sh,20030404,3,8.98,180062000,20030415,20030414,20030415 00:00:00,20030428,20030520,,
600078.sh,19991016,2.5,7.9,155257000,19991101,19991029,19991101 00:00:00,19991115,19991201,,
600079.sh,20060720,3,3.8,203330000,20060807,20060727,20060728 00:00:00,20060803,20060815,,
600079.sh,20020601,3,9.09,125970000,20020610,20020607,20020610 00:00:00,20020621,20020704,,
600079.sh,19990911,3,8.6,57500000,19990927,19990924,19990927 00:00:00,19991015,19991108,,
600080.sh,20000710,3,9,204800000,20000725,20000724,20000725 00:00:00,20000807,20000831,,
600081.sh,19991129,1.26,11,119000000,19991215,19991214,19991215 00:00:00,19991228,20000128,,
600084.sh,19990731,2.05479,9.9,125560000,19990817,19990816,19990817 00:00:00,19990830,19990920,,
600085.sh,20040915,3,11,331800000,20040923,20040922,20040923 00:00:00,20041013,20041025,,
600085.sh,20010116,3,11,240000000,20010213,20010212,20010213 00:00:00,20010226,20010312,,
600086.sh,20000216,1.666,7.28,208728000,20000302,20000301,20000302 00:00:00,20000316,20000331,,
600087.sh,19990830,3,8.55,124786000,19990914,19990913,19990914 00:00:00,19990927,19991019,,
600088.sh,19990824,2,8,168000000,19990908,19990907,19990908 00:00:00,19990921,19990930,,
600089.sh,20040921,3,8.18,259490000,20040930,20040929,20040930 00:00:00,20041020,20041029,,
600089.sh,20000524,1.875,13.8,238898000,20000608,20000607,20000608 00:00:00,20000621,20000707,,
600089.sh,19980820,3,12,81680000,19980904,19980903,19980904 00:00:00,19980917,19981013,,
600090.sh,20000217,3,8.8,128000000,20000302,20000301,20000302 00:00:00,20000315,20000406,,
600091.sh,19991201,3,14.23,202400000,19991213,19991210,19991213 00:00:00,19991224,20000106,,
600095.sh,19990629,3,7.2,130000000,19990714,19990713,19990714 00:00:00,19990727,19990816,,
600098.sh,20001127,3,13,1198800000,20001211,20001208,20001211 00:00:00,20001225,20010105,,
600099.sh,19990818,1.875,6,169600000,19990902,19990901,19990902 00:00:00,19990915,19990930,,
600100.sh,20080513,2,16,628612000,20080526,20080515,20080516 00:00:00,20080522,20080603,,
600100.sh,20001204,0.6,46,363075000,20001213,20001205,19000101 00:00:00,19700101,20001227,,
600100.sh,19990623,3,20,181222000,19990709,19990708,19990709 00:00:00,19990722,19990810,,
600101.sh,20010801,3,15,146444000,20010809,20010808,20010809 00:00:00,20010822,20010917,,
600101.sh,19990209,2,12.5,129829000,19990315,19990312,19990315 00:00:00,19990326,19990420,,
600102.sh,20020629,3,7.7,871182000,20020708,20020705,20020708 00:00:00,20020719,20020730,,
600102.sh,19990820,3,6.25,794700000,19990906,19990903,19990906 00:00:00,19990917,19991013,,
600103.sh,19990721,3,4.18,289440000,19990804,19990803,19990804 00:00:00,19990817,19990915,,
600104.sh,20010206,3,8,1400000000,20010221,20010220,20010221 00:00:00,20010306,20010321,,
600105.sh,20020417,3,10.5,249610000,20020426,20020425,20020426 00:00:00,20020516,20020528,,
600105.sh,19991115,1.7647,8,229500000,19991129,19991126,19991129 00:00:00,19991210,19991229,,
600108.sh,19991204,3,7.5,270000000,19991214,19991213,19991214 00:00:00,19991227,20000105,,
600110.sh,20010802,3,15,115648000,20010810,20010809,20010810 00:00:00,20010823,20010913,,
600111.sh,20000223,3,7.6,364490000,20000309,20000308,20000309 00:00:00,20000322,20000412,,
600112.sh,19990713,3,6,160000000,19990728,19990727,19990728 00:00:00,19990810,19990830,,
600117.sh,20000511,1.7647,7,544000000,20000526,20000525,20000526 00:00:00,20000608,20000706,,
600118.sh,20071218,3,18.19,227405000,20071228,20071219,20071220 00:00:00,20071226,20080108,,
600120.sh,20000816,2.083,15,129600000,20000830,20000829,20000830 00:00:00,20000912,20001016,,
600122.sh,20010209,2,14,295200000,20010226,20010223,20010226 00:00:00,20010312,20010330,,
600123.sh,20001018,2,10.08,345000000,20001102,20001101,20001102 00:00:00,20001115,20001208,,
600125.sh,20030730,3,6.66,190776000,20030807,20030806,20030807 00:00:00,20030820,20030829,,
600126.sh,20001030,3,8,600000000,20001114,20001113,20001114 00:00:00,20001127,20001213,,
600128.sh,20000712,3,8.5,116488000,20000727,20000726,20000727 00:00:00,20000809,20000904,,
600129.sh,20000215,2.5,11,234000000,20000301,20000229,20000301 00:00:00,20000314,20000404,,
600131.sh,20011020,3,7.1,273479000,20011030,20011029,20011030 00:00:00,20011112,20011204,,
600132.sh,19990810,3,8,157000000,19990825,19990824,19990825 00:00:00,19990907,19991027,,
600133.sh,20000802,3,12,256000000,20000817,20000816,20000817 00:00:00,20000831,20001013,,
600136.sh,20000704,3,14,95000000,20000719,20000718,20000719 00:00:00,20000801,20000828,,
600138.sh,20000523,3,12,240000000,20000607,20000606,20000607 00:00:00,20000620,20000719,,
600148.sh,20010208,1.66667,9,134694000,20010223,20010222,20010223 00:00:00,20010309,20010330,,
600151.sh,20001201,3,15,272000000,20001215,20001214,20001215 00:00:00,20001228,20010108,,
600152.sh,20000707,1.5,7,272369000,20000811,20000810,20000811 00:00:00,20000825,20000912,,
600153.sh,20000713,2.3076,12,240500000,20000727,20000726,20000727 00:00:00,20000809,20000915,,
600155.sh,20001128,2.30769,12,260000000,20001213,20001212,20001213 00:00:00,20001226,20010105,,
600156.sh,20000704,2.3077,9,413400000,20000719,20000718,20000719 00:00:00,20000801,20000830,,
600158.sh,20000817,3,18,180000000,20000901,20000831,20000901 00:00:00,20000914,20001010,,
600159.sh,20001223,2.30769,10,208000000,20010108,20010105,20010108 00:00:00,20010119,20010313,,
600160.sh,20010728,3,10.5,341000000,20010807,20010806,20010807 00:00:00,20010820,20010907,,
600162.sh,20000810,2.7273,7,150150000,20000824,20000823,20000824 00:00:00,20000906,20000925,,
600163.sh,20000815,3,8.5,278080000,20000829,20000828,20000829 00:00:00,20000911,20001016,,
600165.sh,20010106,3,9,229600000,20010206,20010205,20010206 00:00:00,20010219,20010309,,
600166.sh,20030301,3,9.35,280466000,20030311,20030310,20030311 00:00:00,20030324,20030402,,
600166.sh,20000727,2.3077,10,252356000,20000811,20000810,20000811 00:00:00,20000824,20000908,,
600168.sh,20000802,2.5,10,408000000,20000817,20000816,20000817 00:00:00,20000831,20000921,,
600169.sh,20001010,2,6.2,348172000,20001025,20001024,20001025 00:00:00,20001107,20001124,,
600170.sh,20010922,3,8.5,537000000,20011015,20011012,20011015 00:00:00,20011026,20011121,,
600171.sh,20030724,2.307,7.27,564764000,20030801,20030731,20030801 00:00:00,20030814,20030829,,
600172.sh,20001226,3,12,244000000,20010111,20010110,20010111 00:00:00,20010209,20010306,,
600177.sh,20000531,3,15.46,258076000,20000616,20000615,20000616 00:00:00,20000630,20000720,,
600178.sh,20010727,3,9,422500000,20010806,20010803,20010806 00:00:00,20010817,20010925,,
600180.sh,20000926,3,15.98,190400000,20001018,20001017,20001018 00:00:00,20001031,20001201,,
600186.sh,20001228,1.5,9.45,600000000,20010111,20010104,19000101 00:00:00,19700101,20010214,,
600187.sh,20000821,3,10,200000000,20000905,20000904,20000905 00:00:00,20000918,20001017,,
600188.sh,20001228,4,11.7,2600000000,20010109,20010102,19000101 00:00:00,19700101,20010220,,
600189.sh,20001124,3,9,285000000,20001211,20001208,20001211 00:00:00,20001222,20010104,,
600191.sh,20000823,3,15,240000000,20000907,20000906,20000907 00:00:00,20000920,20001011,,
600192.sh,20000620,3,8,295000000,20000705,20000704,20000705 00:00:00,20000718,20000811,,
600196.sh,20000713,2.5,20,271260000,20000728,20000727,20000728 00:00:00,20000810,20000901,,
600198.sh,20000529,3,26,313000000,20000615,20000614,20000615 00:00:00,20000628,20000712,,
600199.sh,20001130,1.7647,12,323000000,20001215,20001214,20001215 00:00:00,20001228,20010117,,
600200.sh,20010829,1.53846,16,260520000,20010907,20010906,20010907 00:00:00,20010920,20011022,,
600201.sh,20001201,3,17,97002500,20001218,20001215,20001218 00:00:00,20001229,20010216,,
600210.sh,20010810,3,16.5,323400000,20010820,20010817,20010820 00:00:00,20010831,20010919,,
600212.sh,20020413,3,11,219024000,20020423,20020422,20020423 00:00:00,20020513,20020527,,
600215.sh,20030524,3,8,306000000,20030603,20030602,20030603 00:00:00,20030616,20030625,,
600218.sh,20010804,3,9,260000000,20010814,20010813,20010814 00:00:00,20010827,20010926,,
600226.sh,20020807,2.0833,17.7,253494000,20020819,20020816,20020819 00:00:00,20020830,20020910,,
600239.sh,20011026,1.66667,20,91018800,20011105,20011102,20011105 00:00:00,20011116,20011126,,
600269.sh,20021204,3,10.2,353000000,20021212,20021211,20021212 00:00:00,20021225,20030110,,
600280.sh,20040918,3,5.87,121261000,20040928,20040927,20040928 00:00:00,20041018,20041028,,
600302.sh,20041225,3,5.26,319010000,20050105,20050104,20050105 00:00:00,20050118,20050201,,
600325.sh,20080507,3,13.98,631915000,20080520,20080509,20080512 00:00:00,20080516,20080527,,
600359.sh,20010912,3,11.5,294000000,20010921,20010920,20010921 00:00:00,20011011,20011105,,
600398.sh,20031219,2.30769,6.79,213709000,20031229,20031226,20031229 00:00:00,20040112,20040130,,
600497.sh,20091126,3,7.69,780000000,20091209,20091130,20091201 00:00:00,20091207,20091216,,
600509.sh,20071130,3,15,253628000,20071213,20071204,20071205 00:00:00,20071211,20071220,,
600525.sh,20090814,3,8.88,166586000,20090827,20090818,20090819 00:00:00,20090825,20090907,,
600540.sh,20080225,3,5.84,180000000,20080307,20080227,20080228 00:00:00,20080305,20080320,,
600556.sh,20040909,5,6.37,126000000,20040917,20040916,20040917 00:00:00,20040930,20041018,,
600590.sh,20090727,3,7.56,294496000,20090807,20090729,20090730 00:00:00,20090805,20090818,,
600600.sh,20100413,3,7.87,900000000,20010221,20010213,19000101 00:00:00,19700101,20010307,,
600601.sh,20061219,3,2.66,970447000,20070104,20061221,20061222 00:00:00,20061228,20070119,,
600601.sh,20030628,3,5.58,373249000,20030709,20030708,20030709 00:00:00,20030722,20030731,,
600601.sh,19990913,2,9,155520000,19990928,19990927,19990928 00:00:00,19991018,19991118,,
600601.sh,19931211,10,3.5,30000000,19931220,19931217,19931220 00:00:00,19931227,19931231,,
600601.sh,19920528,10,60,0,19920604,19920603,19000101 00:00:00,19700101,19920610,,
600602.sh,19930320,7,3.6,300000000,19930329,19930326,19930329 00:00:00,19930412,19930329,,
600602.sh,20100413,4,10.18,637304000,19991202,19991201,19991202 00:00:00,19991208,19991222,,
600603.sh,19940625,3,4.3,40000000,19940704,19940701,19940704 00:00:00,19940715,19940718,,
600603.sh,19930327,7,4.75,20000000,19930405,19930402,19930405 00:00:00,19930415,19930520,,
600605.sh,19930508,10,1.8,165160000,19930517,19930514,19930517 00:00:00,19930526,19930531,,
600606.sh,19930612,7,2.5,0,19930621,19930618,19930621 00:00:00,19930630,19930707,,
600607.sh,19980416,2.5,5,125926000,19980504,19980430,19980504 00:00:00,19980515,19980603,,
600607.sh,19950815,3,3.4,96355400,19950818,19950817,19950818 00:00:00,19950901,19950904,,
600607.sh,20100413,5,17.36,154342000,20000608,20000607,20000608 00:00:00,20000612,20000629,,
600608.sh,20030906,3,10.26,151262000,20030915,20030912,20030915 00:00:00,20030926,20031015,,
600608.sh,19991211,2.5,3.5,116569000,19991227,19991224,19991227 00:00:00,20000111,20000222,,
600608.sh,19950905,2.5,2.5,6143320,19950911,19950908,19950911 00:00:00,19950922,19950925,,
600608.sh,19930515,9,2.75,0,19930524,19930521,19930524 00:00:00,19930602,19930607,,
600609.sh,20001013,3,4.79,971811000,20001030,20001027,20001030 00:00:00,20001110,20001205,,
600609.sh,19921221,7,3.5,0,19921228,19921225,19921228 00:00:00,19930228,19930129,,
600609.sh,19700101,3,2,0,19940523,19940520,19940523 00:00:00,19940603,19940606,,
600611.sh,19960918,3,4.8,0,19961004,19961003,19961004 00:00:00,19961018,19961118,,
600611.sh,19950106,3,4.8,125990000,19950116,19950113,19950116 00:00:00,19950127,19950210,,
600611.sh,19930605,9,4.15,0,19930614,19930611,19930614 00:00:00,19930623,19930630,,
600611.sh,20100413,3,6.8,565852000,20011219,20011218,20011219 00:00:00,20011221,20011228,,
600612.sh,19970228,2.72,2.49,152261000,19970314,19970313,19970314 00:00:00,19970327,19970515,,
600612.sh,19931230,8,3.3,0,19940110,19940107,19940110 00:00:00,19940118,19940124,,
600615.sh,19981028,3,6.5,129357000,19981111,19981110,19981111 00:00:00,19981124,19981209,,
600615.sh,19961122,3,3.3,84426400,19961209,19961206,19961209 00:00:00,19961220,19970303,,
600615.sh,19930522,7,4.2,56725800,19930531,19930528,19930531 00:00:00,19930609,19930614,,
600616.sh,20000627,3,7.5,108921000,20000712,20000711,20000712 00:00:00,20000725,20000927,,
600616.sh,19930703,6,4,0,19930712,19930709,19930712 00:00:00,19930716,19930723,,
600618.sh,19931231,4,2,0,19940110,19940107,19940110 00:00:00,19940118,19940124,,
600620.sh,19940611,3,3.9,0,19940620,19940617,19940620 00:00:00,19940630,19940704,,
600620.sh,19930529,6,4.5,0,19930607,19930604,19930607 00:00:00,19930616,19930623,,
600621.sh,19990909,1.875,5.7,374032000,19990924,19990923,19990924 00:00:00,19991014,19991118,,
600621.sh,19971014,2.3,4.2,152066000,19971029,19971028,19971029 00:00:00,19971111,19971216,,
600621.sh,19951020,3,3.8,74044100,19951026,19951025,19951026 00:00:00,19951110,19951226,,
600621.sh,19930529,7,3.5,0,19930607,19930604,19930607 00:00:00,19930616,19930623,,
600622.sh,19980109,2.3076,5,285897000,19980209,19980123,19980209 00:00:00,19980220,19980325,,
600622.sh,19951014,2.5,3.6,153751000,19951019,19951018,19951019 00:00:00,19951101,19951206,,
600622.sh,19930508,10,4.1,0,19930517,19930514,19930517 00:00:00,19930526,19930531,,
600624.sh,19970718,2.1428,4.8,139090000,19970804,19970801,19970804 00:00:00,19970815,19971008,,
600624.sh,19950701,3,4.2,58756800,19950710,19950707,19950710 00:00:00,19950721,19950724,,
600624.sh,19930605,7,4,0,19930614,19930611,19930614 00:00:00,19930623,19930630,,
600626.sh,20010120,2.727,7.4,304021000,20010219,20010216,20010219 00:00:00,20010302,20010323,,
600626.sh,19930612,6,2.5,0,19930621,19930618,19930621 00:00:00,19930630,19930707,,
600626.sh,20100413,5,4.1,0,19980714,19980512,19980706 00:00:00,19990708,19980714,,
600627.sh,19931009,7,2.6,0,19931018,19931015,19931018 00:00:00,19931025,19931029,,
600628.sh,20040403,2.5,5.58,318903000,20040413,20040412,20040413 00:00:00,20040426,20040518,,
600628.sh,20000418,3,6.88,188909000,20000510,20000509,20000510 00:00:00,20000523,20000707,,
600628.sh,19950616,3,5,50966000,19950630,19950629,19950630 00:00:00,19950714,19950717,,
600628.sh,19930703,9,5.8,0,19930719,19930716,19930719 00:00:00,19930726,19930801,,
600629.sh,19970103,2.6,3,60635400,19970120,19970117,19970120 00:00:00,19970131,19970317,,
600629.sh,19940514,3,3,40558800,19940523,19940520,19940523 00:00:00,19940603,19940606,,
600630.sh,20010215,3,8.8,375202000,20010302,20010301,20010302 00:00:00,20010315,20010410,,
600630.sh,19930814,5,2.1,0,19930823,19930820,19930823 00:00:00,19930831,19930903,,
600630.sh,20100413,5,5.15,0,19980706,19980512,19980626 00:00:00,19980630,19980706,,
600631.sh,19990206,3,5,464025000,19990311,19990310,19990311 00:00:00,19990324,19990422,,
600631.sh,19970417,2.727,4.2,261675000,19970506,19970505,19970506 00:00:00,19970519,19970616,,
600631.sh,19930612,6,6,121536000,19930621,19930618,19930621 00:00:00,19930630,19930707,,
600633.sh,19930626,9,3.7,0,19930705,19930702,19930705 00:00:00,19930715,19930722,,
600634.sh,19940820,6,3.3,31281500,19940829,19940826,19940829 00:00:00,19940909,19940912,,
600634.sh,19930724,7,3.7,0,19930802,19930730,19930802 00:00:00,19930810,19930813,,
600635.sh,20021017,2.68,6.18,476182000,20021028,20021025,20021028 00:00:00,20021108,20021125,,
600635.sh,19980814,2,5,388452000,19980831,19980828,19980831 00:00:00,19980911,19981021,,
600635.sh,19961204,2.4,5,104422000,19961220,19961219,19961220 00:00:00,19970103,19970221,,
600635.sh,19950701,3,4.8,59670000,19950710,19950707,19950710 00:00:00,19950721,19950724,,
600635.sh,19940319,3,5.2,0,19940328,19940325,19940328 00:00:00,19940408,19940411,,
600635.sh,19930320,10,4.75,0,19930329,19930326,19930329 00:00:00,19930407,19700101,,
600636.sh,20020108,3,8,116064000,20020116,20020115,20020116 00:00:00,20020129,20020228,,
600636.sh,19930724,6,2.4,0,19930802,19930730,19930802 00:00:00,19930810,19930813,,
600637.sh,19930731,8,2.45,0,19930809,19930806,19930809 00:00:00,19930817,19930820,,
600637.sh,20100413,10,17.49,615284000,20010110,20010103,19000101 00:00:00,19700101,20010119,,
600638.sh,20010921,3,10,518307000,20011008,20010928,20011008 00:00:00,20011019,20011109,,
600638.sh,19970926,2,8,452335000,19971016,19971015,19971016 00:00:00,19971029,19971203,,
600638.sh,19950908,3,4.5,170310000,19950918,19950915,19950918 00:00:00,19950929,19951004,,
600638.sh,19930807,9,5.8,0,19930816,19930813,19930816 00:00:00,19930825,19930831,,
600639.sh,19970709,3,4.5,488000000,19970724,19970723,19970724 00:00:00,19970807,19970904,,
600639.sh,19940507,3,4,410000000,19940516,19940513,19940516 00:00:00,19940525,19940530,,
600640.sh,19970102,1.916,5,306212000,19970117,19970116,19970117 00:00:00,19970130,19970313,,
600640.sh,19931009,7,5,70000000,19931018,19931015,19931018 00:00:00,19931025,19931029,,
600641.sh,19950926,3,4.5,146837000,19951004,19950929,19951004 00:00:00,19951018,19951115,,
600641.sh,19940430,3,2.4,133488000,19940509,19940506,19940509 00:00:00,19940518,19940523,,
600641.sh,19930410,2,2.8,0,19930419,19930416,19930419 00:00:00,19930428,19700101,,
600642.sh,19961024,8,3.2,2402740000,19961111,19961108,19961111 00:00:00,19961122,19961218,,
600643.sh,19990301,2.727,10,332640000,19990316,19990315,19990316 00:00:00,19990329,19990506,,
600643.sh,19961228,2.72,6.5,198000000,19970115,19970114,19970115 00:00:00,19970128,19970306,,
600644.sh,19981223,3,6.5,130290000,19990108,19990107,19990108 00:00:00,19990122,19990304,,
600644.sh,19970816,2.727,3.8,76714000,19970901,19970829,19970901 00:00:00,19970912,19970926,,
600644.sh,19930805,10,3.8,51540000,19930816,19930813,19930816 00:00:00,19930825,19930831,,
600645.sh,19971203,2.3076,3.6,126990000,19971218,19971217,19971218 00:00:00,19971231,19980217,,
600645.sh,19950420,2,4,67836800,19950425,19950424,19950425 00:00:00,19950512,19950515,,
600645.sh,19930814,8,3.8,0,19930823,19930820,19930823 00:00:00,19930831,19930903,,
600647.sh,19940618,5,1.5,35700000,19940627,19940624,19940627 00:00:00,19940708,19940718,,
600648.sh,19940823,3,4.3,547500000,19940829,19940826,19940829 00:00:00,19940907,19940912,,
600649.sh,19971120,8,3.7,1002510000,19971205,19971204,19971205 00:00:00,19971218,19980108,,
600649.sh,19951208,3,2.2,847388000,19951214,19951213,19951214 00:00:00,19951228,19960216,,
600649.sh,19931120,30,2.6,0,19931129,19931126,19931129 00:00:00,19931208,19931213,,
600651.sh,20010112,3,8.2,147638000,20010212,20010209,20010212 00:00:00,20010223,20010313,,
600651.sh,19940402,3,5,0,19940411,19940408,19940411 00:00:00,19940420,19940425,,
600651.sh,19930312,6,5,0,19930322,19930319,19930322 00:00:00,19930331,19930409,,
600652.sh,20000126,1.875,10,194089000,20000224,20000223,20000224 00:00:00,20000308,20000331,,
600652.sh,19940401,3,7,56160000,19940411,19940408,19940411 00:00:00,19940420,19940425,,
600652.sh,19930306,10,5.5,0,19930315,19930312,19930315 00:00:00,19930324,19700101,,
600653.sh,20010115,2,9.5,547771000,20010214,20010213,20010214 00:00:00,20010227,20010316,,
600653.sh,19960629,3,3,119340000,19960715,19960712,19960715 00:00:00,19960726,19960814,,
600653.sh,19940408,3,5.8,0,19940418,19940415,19940418 00:00:00,19940427,19940502,,
600653.sh,19930306,10,8.75,0,19930315,19930312,19930524 00:00:00,19930531,19930617,,
600654.sh,20001227,2,7.8,374773000,20010112,20010111,20010112 00:00:00,20010208,20010227,,
600654.sh,19970505,2.73,3,153334000,19970521,19970520,19970521 00:00:00,19970604,19970704,,
600654.sh,19940611,3,3.2,0,19940620,19940617,19940620 00:00:00,19940630,19940704,,
600654.sh,19930508,4,3.3,0,19930517,19930514,19930517 00:00:00,19930526,19930531,,
600654.sh,19011214,10,60,0,19920604,19920603,19920604 00:00:00,19920716,19920723,,
600655.sh,19991215,3,5.8,428674000,20000105,20000104,20000105 00:00:00,20000118,20000308,,
600655.sh,19970819,2.7272,5.5,243092000,19970903,19970902,19970903 00:00:00,19970916,19971105,,
600655.sh,19930724,7,5.3,112904000,19930802,19930730,19930802 00:00:00,19930810,19930813,,
600656.sh,19941001,3,2.02,0,19941010,19941007,19941010 00:00:00,19941021,19941024,,
600656.sh,19930612,30,3.3,0,19930621,19930618,19930621 00:00:00,19930630,19930707,,
600657.sh,20000805,3,22,119058000,20000822,20000821,20000822 00:00:00,20000904,20000918,,
600657.sh,19940122,8,2.7,0,19940131,19940128,19940131 00:00:00,19940218,19940221,,
600658.sh,19951006,3,3,90345200,19951016,19951013,19951016 00:00:00,19951027,19951206,,
600658.sh,19931211,8,3.6,0,19931220,19931217,19931220 00:00:00,19931227,19931231,,
600660.sh,19950905,2.3,5.4,184240000,19950911,19950908,19950911 00:00:00,19950922,19950925,,
600660.sh,19931016,5,6,0,19931025,19931022,19931025 00:00:00,19931101,19931105,,
600661.sh,19931120,7,4.2,0,19931129,19931126,19931129 00:00:00,19931208,19931213,,
600662.sh,19980212,1.5,5,244296000,19980227,19980226,19980227 00:00:00,19980312,19980331,,
600662.sh,19960907,2.6,4.5,96876000,19960923,19960920,19960923 00:00:00,19961007,19961101,,
600662.sh,19940930,3,4.9,54000000,19941010,19941007,19941010 00:00:00,19941021,19941024,,
600662.sh,19930911,9,5,0,19930920,19930917,19930920 00:00:00,19930927,19930930,,
600663.sh,19961023,3,5.5,733000000,19961108,19961107,19961108 00:00:00,19961122,19961226,,
600663.sh,19931211,4,3.5,715000000,19931220,19931217,19931220 00:00:00,19931227,19931231,,
600664.sh,20010721,3,12.5,450860000,20010731,20010730,20010731 00:00:00,20010813,20011017,,
600664.sh,19990202,3,4.8,383415000,19990308,19990305,19990308 00:00:00,19990319,19990420,,
600664.sh,19970715,2.3,4.8,328432000,19970729,19970728,19970729 00:00:00,19970811,19970909,,
600665.sh,19971127,2.5,2.5,576082000,19971212,19971211,19971212 00:00:00,19971225,19980112,,
600665.sh,19940516,3,1.9,0,19940523,19940520,19940523 00:00:00,19940603,19940606,,
600666.sh,19970102,2.727,3,83527200,19970117,19970116,19970117 00:00:00,19970130,19970312,,
600666.sh,19930918,6,3.3,0,19930927,19930924,19930927 00:00:00,19931006,19931011,,
600667.sh,20100413,5,4.2,0,19980721,19980512,19980713 00:00:00,19980715,19980721,,
600668.sh,20030111,3,5,300459000,20030121,20030120,20030121 00:00:00,20030212,20030304,,
600668.sh,19980216,2,4,280214000,19980304,19980303,19980304 00:00:00,19980317,19980403,,
600668.sh,19960521,2.5,2.4,149452000,19960606,19960605,19960606 00:00:00,19960619,19960724,,
600668.sh,19940423,15,2.98,0,19940503,19940429,19940503 00:00:00,19940513,19940523,,
600671.sh,19951108,3,4.5,69300000,19951113,19951110,19951113 00:00:00,19951124,19951219,,
600671.sh,19940528,3,3.5,0,19940606,19940603,19940606 00:00:00,19940617,19940620,,
600673.sh,19940104,12,3.5,0,19940110,19940107,19940110 00:00:00,19940121,19940124,,
600674.sh,19940108,10,3.8,0,19940117,19940114,19940117 00:00:00,19940125,19940131,,
600675.sh,19980724,2.7,4.8,326251000,19980810,19980807,19980810 00:00:00,19980821,19981008,,
600675.sh,19970102,2.7,4.8,155691000,19970117,19970116,19970117 00:00:00,19970130,19970328,,
600675.sh,19950923,3,5,78631900,19951004,19950929,19951004 00:00:00,19951018,19951113,,
600676.sh,20000807,15,13.98,118962000,20000818,20000811,19000101 00:00:00,19700101,20000829,,
600677.sh,19980319,3,2.5,204965000,19980403,19980402,19980403 00:00:00,19980416,19980604,,
600677.sh,19951220,3,2.8,108590000,19951225,19951222,19951225 00:00:00,19960108,19960327,,
600677.sh,19931207,10,2.6,0,19931213,19931210,19931213 00:00:00,19931222,19931227,,
600678.sh,19940108,10,4.28,154800000,19940117,19940114,19940117 00:00:00,19940125,19940131,,
600682.sh,20000908,3,7.8,191176000,20000925,20000922,20000925 00:00:00,20001013,20001103,,
600682.sh,19960727,3,2.9,154941000,19960812,19960809,19960812 00:00:00,19960828,19961010,,
600682.sh,19940917,3,3.3,119241000,19940926,19940923,19940926 00:00:00,19941012,19941017,,
600683.sh,19941001,3,3.5,124800000,19941010,19941007,19941010 00:00:00,19941021,19941024,,
600684.sh,19971119,3,6,162134000,19971204,19971203,19971204 00:00:00,19971217,19980108,,
600684.sh,19950711,2,3.5,135112000,19950717,19950714,19950718 00:00:00,19950728,19950731,,
600686.sh,19931211,8,3.3,52088700,19931220,19931217,19940801 00:00:00,19940805,19940808,,
600687.sh,19950602,2.72,3.2,55033000,19950607,19950606,19950814 00:00:00,19950825,19950828,,
600689.sh,20100413,5,3.9,0,19980804,19980512,19980724 00:00:00,19980728,19980804,,
600690.sh,19990915,3,11.6,421748000,19990812,19990811,19990812 00:00:00,19991225,19990920,,
600690.sh,19971006,3,6.8,326532000,19971021,19971020,19971021 00:00:00,19971103,19971203,,
600690.sh,19960416,3,3.8,221000000,19960502,19960430,19960502 00:00:00,19960521,19960607,,
600690.sh,20100413,2,18,564707000,20010115,20010105,19000101 00:00:00,19700101,20010209,,
600691.sh,19950509,2.81,3.8,58315400,19950515,19950512,19950515 00:00:00,19950526,19950529,,
600692.sh,19970702,2.5,4.2,101119000,19970718,19970717,19970718 00:00:00,19970731,19970903,,
600692.sh,19951110,3,2.2,50158400,19951116,19951115,19951116 00:00:00,19951130,19951228,,
600693.sh,19960720,3,3.98,92313800,19960806,19960805,19960806 00:00:00,19960820,19960918,,
600693.sh,19941227,2.7,3.8,72688000,19941230,19941229,19950206 00:00:00,19950224,19950228,,
600694.sh,20010726,3,9.7,226160000,20010807,20010806,20010807 00:00:00,20010820,20010925,,
600694.sh,19981208,3,7,176519000,19981223,19981222,19981223 00:00:00,19990106,19990315,,
600694.sh,19950814,1.76,4,121975000,19950818,19950817,19950818 00:00:00,19950901,19950904,,
600696.sh,19951108,2.727,2.5,205841000,19951113,19951110,19951113 00:00:00,19951124,19960108,,
600697.sh,20030425,3,6.6,122737000,20030514,20030513,20030514 00:00:00,20030527,20030609,,
600697.sh,19981230,3,5.6,102042000,19990115,19990114,19990115 00:00:00,19990128,19990308,,
600697.sh,19970620,3,4.2,86089700,19970708,19970707,19970708 00:00:00,19970721,19970818,,
600698.sh,19960903,2.3,4.1,323232000,19960917,19960916,19960917 00:00:00,19960930,19961028,,
600699.sh,20011117,2.5,7,158916000,20011127,20011126,20011127 00:00:00,20011210,20011226,,
600701.sh,19981103,3,7.5,157243000,19981118,19981117,19981118 00:00:00,19981201,19981215,,
600701.sh,19970627,3,4.5,130000000,19970716,19970715,19970716 00:00:00,19970729,19970814,,
600702.sh,20001010,3,10,298272000,20001025,20001024,20001025 00:00:00,20001107,20001121,,
600702.sh,19980622,3,13,263380000,19980707,19980706,19980707 00:00:00,19980721,19980818,,
600703.sh,19971119,2.3,5.8,103971000,19971204,19971203,19971204 00:00:00,19971217,19980119,,
600704.sh,20001115,3,10,257154000,20001130,20001129,20001130 00:00:00,20001213,20001226,,
600704.sh,19970814,2.5,6.5,141964000,19970827,19970826,19970827 00:00:00,19970909,19971010,,
600706.sh,19971008,3,4,67377600,19971023,19971022,19971023 00:00:00,19971105,19980108,,
600707.sh,20000118,3,9,360000000,20000215,20000214,20000215 00:00:00,20000228,20000329,,
600710.sh,19970719,2.5,3.5,132000000,19970804,19970801,19970804 00:00:00,19970815,19970918,,
600713.sh,19971229,3,6.45,83017400,19980115,19980114,19980115 00:00:00,19980213,19980316,,
600717.sh,20040228,3,9.5,659854000,20040309,20040308,20040309 00:00:00,20040322,20040331,,
600717.sh,20000111,3,7,338993000,20000126,20000125,20000126 00:00:00,20000222,20000407,,
600717.sh,19971119,8,8,139692000,19971204,19971203,19971204 00:00:00,19971217,19980107,,
600718.sh,19971212,1.66,14,99000000,19971229,19971226,19971229 00:00:00,19980113,19980212,,
600719.sh,19990209,3,6.95,175500000,19990315,19990312,19990315 00:00:00,19990326,19990428,,
600720.sh,20040131,3,3.63,346954000,20040210,20040209,20040210 00:00:00,20040223,20040303,,
600720.sh,20000711,3,9,125772000,20000727,20000726,20000727 00:00:00,20000809,20000825,,
600720.sh,19980218,1.875,5.28,112000000,19980306,19980305,19980306 00:00:00,19980320,19980416,,
600721.sh,19971231,2.4,5,76593800,19980120,19980119,19980120 00:00:00,19980218,19980316,,
600722.sh,20000609,1.5,7,392400000,20000626,20000623,20000626 00:00:00,20000707,20000726,,
600723.sh,20001128,3,8,364064000,20001213,20001212,20001213 00:00:00,20001226,20010206,,
600723.sh,19981008,2.3,6,323859000,19981023,19981022,19981023 00:00:00,19981105,19981211,,
600724.sh,20001215,1.5,10,205044000,20001229,20001228,20001229 00:00:00,20010112,20010205,,
600724.sh,19980116,2.307,5,69420000,19980216,19980213,19980216 00:00:00,19980227,19980401,,
600726.sh,20100413,2,15.3,655791000,20001215,20001207,20001208 00:00:00,19700101,20010216,,
600727.sh,20000812,3,16,333000000,20000828,20000825,20000828 00:00:00,20000908,20001009,,
600727.sh,19980622,3,10.38,200000000,19980707,19980706,19980707 00:00:00,19980721,19980806,,
600728.sh,20001123,3,18,189460000,20001208,20001207,20001208 00:00:00,20001221,20010117,,
600728.sh,19980729,3,5,157000000,19980813,19980812,19980813 00:00:00,19980826,19980923,,
600731.sh,20030517,3,5.44,233921000,20030527,20030526,20030527 00:00:00,20030609,20030623,,
600731.sh,20000608,3,9.5,140715000,20000622,20000621,20000622 00:00:00,20000705,20000807,,
600731.sh,19980701,1.5385,7.5,129285000,19980715,19980714,19980715 00:00:00,19980728,19980812,,
600734.sh,19990821,3,8,325129000,19990907,19990906,19990907 00:00:00,19990920,19991103,,
600734.sh,19971121,1.333,6,292500000,19971208,19971205,19971208 00:00:00,19971219,19980115,,
600735.sh,20000822,3,7,87572200,20000905,20000904,20000905 00:00:00,20000918,20001016,,
600736.sh,20010206,3,11.1,422640000,20010222,20010221,20010222 00:00:00,20010307,20010329,,
600736.sh,19980509,1.111,8.3,259200000,19980526,19980525,19980526 00:00:00,19980608,19980625,,
600737.sh,20000221,3,12.5,172200000,20000309,20000308,20000309 00:00:00,20000322,20000411,,
600737.sh,19971111,1.3889,5.5,151200000,19971126,19971125,19971126 00:00:00,19971210,19980402,,
600738.sh,19990303,2.5,5,96288000,19990318,19990317,19990318 00:00:00,19990331,19990421,,
600739.sh,20031018,3,8,247572000,20031028,20031027,20031028 00:00:00,20031110,20031124,,
600739.sh,19980904,1.875,8,128960000,19980921,19980918,19980921 00:00:00,19981006,19981027,,
600740.sh,20001130,3,8.5,181600000,20001214,20001213,20001214 00:00:00,20001227,20010104,,
600740.sh,19980513,3,4,156000000,19980528,19980527,19980528 00:00:00,19980610,19980701,,
600741.sh,20000803,3.33,5.8,449400000,20000818,20000817,20000818 00:00:00,20000831,20000922,,
600741.sh,19980116,5,5,104000000,19980216,19980213,19980216 00:00:00,19980227,19980309,,
600742.sh,20001201,2,15,183195000,20001218,20001215,20001218 00:00:00,20001229,20010117,,
600742.sh,19981202,3,7.8,108900000,19981217,19981216,19981217 00:00:00,19981230,19990113,,
600743.sh,19980726,1.5,7,160000000,19980811,19980810,19980811 00:00:00,19980824,19980921,,
600744.sh,20011201,3,7,645120000,20011211,20011210,20011211 00:00:00,20011224,20020108,,
600744.sh,19990806,4,8.8,384000000,19990826,19990825,19990826 00:00:00,19990908,19991011,,
600745.sh,19980708,3,12.8,105583000,19980723,19980722,19980723 00:00:00,19980805,19980909,,
600746.sh,20000228,1.6666,6.9,156548000,20000315,20000314,20000315 00:00:00,20000328,20000426,,
600747.sh,20001227,3,15,248026000,20010111,20010110,20010111 00:00:00,20010207,20010312,,
600747.sh,19980520,3,6,128370000,19980604,19980603,19980604 00:00:00,19980617,19980715,,
600748.sh,19980803,2.7272,5.2,264000000,19980818,19980817,19980818 00:00:00,19980831,19980918,,
600750.sh,19990916,3,10,124800000,19990930,19990929,19990930 00:00:00,19991014,19991206,,
600751.sh,20010209,3,11.05,466000000,20010227,20010223,20010227 00:00:00,20010312,20010403,,
600754.sh,20100413,5,10.8,553241000,20010112,20010104,19000101 00:00:00,19700101,20010119,,
600755.sh,20091207,3,7.31,496486000,20091218,20091209,20091210 00:00:00,20091216,20091229,,
600755.sh,19980529,1.339,11.28,174720000,19980612,19980611,19980612 00:00:00,19980625,19980708,,
600756.sh,20041125,3,8.35,165221000,20041203,20041202,20041203 00:00:00,20041216,20041228,,
600757.sh,20001017,2.307,13,278556000,20001031,20001030,20001031 00:00:00,20001113,20001207,,
600757.sh,19981109,3,7,180000000,19981124,19981123,19981124 00:00:00,19981207,19981225,,
600760.sh,19980115,1.5,9,140000000,19980216,19980213,19980216 00:00:00,19980227,19980319,,
600761.sh,20000520,3,7.2,180856000,20000605,20000602,20000605 00:00:00,20000616,20000703,,
600761.sh,19980117,3,8,97000000,19980217,19980216,19980217 00:00:00,19980303,19980402,,
600764.sh,19980825,3,7,90137000,19980909,19980908,19980909 00:00:00,19980923,19981020,,
600765.sh,19981022,1.5,4.5,102200000,19981105,19981104,19981105 00:00:00,19981118,19981211,,
600766.sh,20010215,2,11,159903000,20010302,20010301,20010302 00:00:00,20010315,20010411,,
600766.sh,19980617,1.764,6,90790000,19980702,19980701,19980702 00:00:00,19980715,19980810,,
600767.sh,19981021,2.307,8,130000000,19981105,19981104,19981105 00:00:00,19981118,19990119,,
600769.sh,19980606,3,10,167700000,19980622,19980619,19980622 00:00:00,19980703,19980810,,
600771.sh,19981202,2.2222,5,79110000,19981216,19981215,19981216 00:00:00,19981229,19990203,,
600773.sh,20001116,3,10.9,88923200,20001130,20001129,20001130 00:00:00,20001213,20010103,,
600773.sh,19980703,1.847,6.6,84123200,19980720,19980717,19980720 00:00:00,19980731,19980812,,
600774.sh,20010117,3,12,86480000,20010215,20010214,20010215 00:00:00,20010228,20010316,,
600774.sh,19980509,3,8,80336000,19980525,19980522,19980525 00:00:00,19980605,19980617,,
600776.sh,20100413,6,25.18,570000000,20000907,20000830,19000101 00:00:00,19700101,20000929,,
600777.sh,20000628,2.3048,10,186600000,20000712,20000711,20000712 00:00:00,20000725,20000821,,
600777.sh,19980416,1.165,8.33,132149000,19980504,19980430,19980504 00:00:00,19980518,19980710,,
600778.sh,20001219,3,5.5,256640000,20010103,20010102,20010103 00:00:00,20010116,20010220,,
600778.sh,19980224,3,4.2,107000000,19980311,19980310,19980311 00:00:00,19980325,19980429,,
600780.sh,19990813,2.083,6.8,128160000,19990830,19990827,19990830 00:00:00,19990910,19990927,,
600781.sh,19980812,2.5,5.8,104272000,19980827,19980826,19980827 00:00:00,19980909,19981008,,
600782.sh,19991009,3,7.5,107947000,19991026,19991025,19991026 00:00:00,19991108,19991214,,
600783.sh,19980808,3,5,112869000,19980824,19980821,19980824 00:00:00,19980904,19980921,,
600785.sh,20011009,3,11,87975000,20011017,20011016,20011017 00:00:00,20011030,20011121,,
600785.sh,19991109,3,5,76500000,19991124,19991123,19991124 00:00:00,19991207,19991224,,
600787.sh,20001016,2,11.7,285695000,20001031,20001030,20001031 00:00:00,20001114,20001206,,
600787.sh,19980815,1.6043,6.3,96548100,19980831,19980828,19980831 00:00:00,19980911,19981019,,
600789.sh,19980807,1.818,5,298650000,19980824,19980821,19980824 00:00:00,19980904,19981007,,
600790.sh,20001130,3,11.5,196033000,20001214,20001213,20001214 00:00:00,20001227,20010108,,
600790.sh,19980529,2,8,175500000,19980612,19980611,19980612 00:00:00,19980625,19980710,,
600794.sh,20010209,3,13.8,107674000,20010226,20010223,20010226 00:00:00,20010309,20010405,,
600795.sh,20001028,8,16,254592000,20001113,20001110,20001113 00:00:00,20001124,20001213,,
600796.sh,20020427,3,12.1,106514000,20020514,20020513,20020514 00:00:00,20020527,20020613,,
600796.sh,19990831,1.5151,10,99124100,19990915,19990914,19990915 00:00:00,19990928,19991020,,
600797.sh,20010113,3,12,239488000,20010213,20010212,20010213 00:00:00,20010226,20010315,,
600797.sh,19980529,1.875,8,128000000,19980612,19980611,19980612 00:00:00,19980625,19980715,,
600798.sh,19991126,1.5,5.5,492000000,19991210,19991209,19991210 00:00:00,19991223,20000105,,
600800.sh,19990825,2,12,213330000,19990910,19990909,19990910 00:00:00,19990923,19991118,,
600800.sh,19970304,3,5,72933500,19970318,19970317,19970318 00:00:00,19970331,19970423,,
600802.sh,20000805,3,5.5,252355000,20000821,20000818,20000821 00:00:00,20000901,20000925,,
600802.sh,19980212,3,4.5,228393000,19980227,19980226,19980227 00:00:00,19980312,19980401,,
600802.sh,19960907,2.7,2.5,206580000,19960923,19960920,19960923 00:00:00,19961007,19961106,,
600803.sh,19991122,3,6.8,105675000,19991206,19991203,19991206 00:00:00,19991217,20000110,,
600804.sh,19950713,2,2.45,97416000,19950719,19950718,19950720 00:00:00,19950802,19950803,,
600805.sh,19980109,3,4.2,199240000,19980209,19980123,19980209 00:00:00,19980220,19980402,,
600805.sh,19960820,2.3,4,161882000,19960904,19960903,19960904 00:00:00,19960918,19961016,,
600805.sh,19941220,2.14,4.5,102550000,19941226,19941223,19950116 00:00:00,19950127,19950206,,
600805.sh,20100413,4,6.6,0,20000225,20000224,20000225 00:00:00,20000229,20000327,,
600809.sh,19960309,3,3.5,376400000,19960325,19960322,19960325 00:00:00,19960405,19960502,,
600810.sh,19981211,5,11.6,343200000,19981225,19981224,19981225 00:00:00,19990108,19990203,,
600810.sh,19970618,3,3.5,264000000,19970707,19970704,19970707 00:00:00,19970718,19970813,,
600811.sh,20001016,2.5,7,425743000,20001031,20001030,20001031 00:00:00,20001113,20001201,,
600811.sh,19970703,1.9,7.8,298139000,19970718,19970717,19970718 00:00:00,19970731,19970814,,
600811.sh,19960326,2,3.9,157500000,19960410,19960409,19960410 00:00:00,19960424,19960510,,
600812.sh,19990113,3,3.5,1003880000,19990127,19990126,19990127 00:00:00,19990209,19990318,,
600812.sh,19970712,1.818,3.5,849452000,19970729,19970728,19970729 00:00:00,19970811,19970903,,
600812.sh,19950620,3,1.75,697822000,19950703,19950630,19950705 00:00:00,19950718,19950719,,
600814.sh,19950926,1.5,3.6,113724000,19951004,19950929,19951004 00:00:00,19951018,19951108,,
600815.sh,19960830,2.5,3.8,239687000,19960917,19960916,19960917 00:00:00,19960930,19961104,,
600816.sh,19970709,2.5,4.3,230952000,19970724,19970723,19970724 00:00:00,19970807,19970905,,
600816.sh,19940301,3,4.8,602000,19940307,19940304,19940307 00:00:00,19940316,19940321,,
600817.sh,19940409,3,1.8,62685200,19940418,19940415,19940418 00:00:00,19940427,19940502,,
600820.sh,20080428,2.5,8.12,591129000,20080513,20080430,20080505 00:00:00,20080509,20080520,,
600820.sh,20011124,2.30769,8,488890000,20011204,20011203,20011204 00:00:00,20011217,20011231,,
600820.sh,19990124,5.714,6,265531000,19990209,19990208,19990209 00:00:00,19990311,19990329,,
600820.sh,19970103,2.7,3.1,129863000,19970120,19970117,19970120 00:00:00,19970131,19970320,,
600820.sh,19950902,3,3.1,84326700,19950911,19950908,19950911 00:00:00,19950922,19950925,,
600821.sh,19980113,3,5.2,162583000,19980216,19980213,19980216 00:00:00,19980227,19980318,,
600821.sh,19960605,3,3.3,141998000,19960624,19960621,19960624 00:00:00,19960705,19960726,,
600821.sh,19940513,3,2,98368300,19940523,19940520,19940523 00:00:00,19940603,19940606,,
600823.sh,19980822,3,5,168000000,19980907,19980904,19980907 00:00:00,19980918,19981009,,
600823.sh,19961028,2.5,4,96000000,19961112,19961111,19961112 00:00:00,19961125,19961226,,
600823.sh,19950721,3,4,50000000,19950731,19950728,19950731 00:00:00,19950811,19950814,,
600824.sh,20061128,1.5,4,387298000,20061211,20061130,20061201 00:00:00,20061207,20061220,,
600824.sh,20010116,3,7,169888000,20010214,20010213,20010214 00:00:00,20010227,20010320,,
600824.sh,19980117,1.7647,6,144405000,19980217,19980216,19980217 00:00:00,19980302,19980320,,
600824.sh,19950926,3,4.8,50334400,19951004,19950929,19951004 00:00:00,19951018,19951115,,
600826.sh,19961127,1.785,3.9,237939000,19961211,19961210,19961211 00:00:00,19961225,19970120,,
600827.sh,20000219,2.5,6.6,227542000,20000307,20000306,20000307 00:00:00,20000320,20000418,,
600828.sh,19970620,2,5.5,128250000,19970709,19970708,19970709 00:00:00,19970722,19970825,,
600830.sh,20001209,2,9,158038000,20001225,20001222,20001225 00:00:00,20010108,20010206,,
600830.sh,19970102,2.727,3.5,89232000,19970117,19970116,19970117 00:00:00,19970130,19970414,,
600830.sh,19950618,3,3.5,50700000,19950703,19950630,19950703 00:00:00,19950714,19950717,,
600832.sh,20010120,3,25,646272000,20010220,20010219,20010220 00:00:00,20010305,20010328,,
600832.sh,19970808,2.5,5,517017000,19970825,19970822,19970825 00:00:00,19970905,19971029,,
600832.sh,19940701,3,4.1,410000000,19940711,19940708,19940711 00:00:00,19940722,19940725,,
600833.sh,19970718,2.479,4,92011900,19970804,19970801,19970804 00:00:00,19970815,19970910,,
600833.sh,19940423,3,3.7,48500000,19940503,19940429,19940503 00:00:00,19940513,19940523,,
600834.sh,19970809,3,3.5,182000000,19970827,19970826,19970827 00:00:00,19970909,19971015,,
600835.sh,20100413,10,11.8,0,19990709,19990708,19990709 00:00:00,19990713,19990805,,
600836.sh,19951017,3,3.9,50000000,19951023,19951020,19951023 00:00:00,19951106,19951208,,
600838.sh,20010210,3,8.8,236931000,20010227,20010226,20010227 00:00:00,20010312,20010323,,
600838.sh,19971222,1.875,5,142944000,19980108,19980107,19980108 00:00:00,19980121,19980324,,
600838.sh,19950902,3,3.8,50000000,19950911,19950908,19950911 00:00:00,19950922,19950925,,
600839.sh,19990710,2.3076,9.98,1988970000,19990726,19990723,19990726 00:00:00,19990806,19990824,,
600839.sh,19970719,1.875,9.8,1293730000,19970804,19970801,19970804 00:00:00,19970815,19970910,,
600839.sh,19950724,2.5,7.35,237819000,19950731,19950728,19950731 00:00:00,19950811,19950814,,
600840.sh,19950928,2.72,2.8,69370900,19951009,19951006,19951009 00:00:00,19951020,19951121,,
600840.sh,19940528,3,2.5,51001200,19940606,19940603,19940606 00:00:00,19940617,19940620,,
600842.sh,19980528,1.62,5.8,125599000,19980612,19980611,19980612 00:00:00,19980625,19980724,,
600842.sh,19960621,2.7,4,55000000,19960708,19960705,19960708 00:00:00,19960724,19960820,,
600844.sh,19970625,2.6,3,164468000,19970711,19970710,19970711 00:00:00,19970725,19970819,,
600846.sh,19970815,1.66,4.2,87254100,19970901,19970829,19970901 00:00:00,19970912,19971021,,
600846.sh,19950901,3,4.2,50085700,19950911,19950908,19950911 00:00:00,19950922,19950925,,
600849.sh,20010215,3,16,229552000,20010302,20010301,20010302 00:00:00,20010315,20010409,,
600849.sh,19970226,3,3.98,57966600,19970314,19970313,19970314 00:00:00,19970327,19970520,,
600849.sh,20100413,6,6.72,0,19980909,19980529,19980819 00:00:00,19980821,19980909,,
600850.sh,20001201,2,12,108000000,20001218,20001215,20001218 00:00:00,20001229,20010110,,
600851.sh,19970704,2.5,4.5,110010000,19970721,19970718,19970721 00:00:00,19970801,19970825,,
600851.sh,20100413,10,13.97,0,20001020,20001013,19000101 00:00:00,19011214,20001103,,
600854.sh,19980708,1.923,15,205920000,19980723,19980722,19980723 00:00:00,19980805,19980825,,
600856.sh,19960424,3,2.8,111000000,19960510,19960509,19960510 00:00:00,19960529,19960624,,
600857.sh,19950618,3,3.5,0,19950703,19950630,19950703 00:00:00,19950714,19950717,,
600858.sh,20071012,3,22.78,121347000,20071025,20071016,20071017 00:00:00,20071023,20071105,,
600858.sh,19940708,3,2.9,60037000,19940718,19940715,19940718 00:00:00,19940729,19940801,,
600859.sh,19970819,2.272,7.8,242576000,19970903,19970902,19970903 00:00:00,19970916,19971010,,
600859.sh,19951025,3,5.5,151125000,19951101,19951031,19951101 00:00:00,19951115,19951212,,
600861.sh,19981225,3,6.5,228600000,19990111,19990108,19990111 00:00:00,19990122,19990305,,
600861.sh,19961209,3,5,190000000,19961225,19961224,19961225 00:00:00,19970113,19970305,,
600862.sh,20100413,7,13.88,0,20000522,20000515,19000101 00:00:00,19700101,20000607,,
600863.sh,20011110,3,6.6,944980000,20011120,20011119,20011120 00:00:00,20011203,20011219,,
600863.sh,19981203,8,5,555100000,19981218,19981217,19981218 00:00:00,19981231,19990125,,
600863.sh,19961108,3,4,412000000,19961125,19961122,19961125 00:00:00,19961206,19961223,,
600864.sh,19991231,2.5,7,125177000,19991215,19991214,19991215 00:00:00,19991228,20000107,,
600865.sh,19971124,1.84,3.5,0,19971209,19971208,19971209 00:00:00,19971222,19980123,,
600865.sh,19951114,2,3.7,117936000,19951120,19951117,19951120 00:00:00,19951201,19951227,,
600866.sh,19990710,3,9,166173000,19990727,19990726,19990727 00:00:00,19990809,19990902,,
600866.sh,19970614,1.875,9,116063000,19970702,19970627,19970702 00:00:00,19970715,19970728,,
600866.sh,19960306,2.5,5.5,65025600,19960322,19960321,19960322 00:00:00,19960403,19960410,,
600867.sh,19981203,3,7,208008000,19981218,19981217,19981218 00:00:00,19981231,19990129,,
600867.sh,19970617,2,8,173340000,19970704,19970703,19970704 00:00:00,19970717,19970804,,
600867.sh,19951219,2.5,4.8,92448200,19951225,19951222,19951225 00:00:00,19960108,19960202,,
600868.sh,20010222,3,6,694338000,20010309,20010308,20010309 00:00:00,20010322,20010410,,
600868.sh,19980625,2.2059,9,377758000,19980710,19980709,19980710 00:00:00,19980723,19980819,,
600868.sh,19961108,1.84,6,138138000,19961125,19961122,19961125 00:00:00,19961206,19961225,,
600868.sh,19950812,2.5,6,77280000,19950821,19950818,19950822 00:00:00,19950901,19950904,,
600870.sh,20000911,5,11.88,320314000,20000925,20000922,20000925 00:00:00,20001013,20001107,,
600870.sh,19981218,2,8,278422000,19990104,19981231,19990104 00:00:00,19990115,19990302,,
600870.sh,19960518,2.79,6.98,53750000,19960604,19960603,19960604 00:00:00,19960617,19960626,,
600872.sh,19981205,2.307,6,269641000,19981222,19981221,19981222 00:00:00,19990105,19990125,,
600873.sh,19970705,3,5.5,94900000,19970722,19970721,19970722 00:00:00,19970804,19970827,,
600877.sh,19970519,1.5,4.5,412062000,19970520,19970519,19970520 00:00:00,19970609,19970708,,
600879.sh,20001223,2,20,145722000,20010108,20010105,20010108 00:00:00,20010119,20010214,,
600879.sh,19981023,2.7272,6.5,84560700,19981106,19981105,19981106 00:00:00,19981119,19981202,,
600880.sh,20071031,1.1,13.46,182252000,20071116,20071107,20071108 00:00:00,20071114,20071126,,
600880.sh,19970220,2.307,4,65000000,19970310,19970307,19970310 00:00:00,19970325,19970425,,
600881.sh,20030607,3,4.77,475106000,20030617,20030616,20030617 00:00:00,20030630,20030708,,
600881.sh,20000801,3,6.5,410757000,20000816,20000815,20000816 00:00:00,20000829,20000921,,
600881.sh,19980811,4.4444,10,227050000,19980826,19980825,19980826 00:00:00,19980908,19980930,,
600881.sh,19961230,2.1428,4.6,86566000,19970115,19970114,19970115 00:00:00,19970128,19970307,,
600882.sh,19991012,3,5.5,152532000,19991027,19991026,19991027 00:00:00,19991109,19991222,,
600882.sh,19970612,2.608,4.85,75557000,19970627,19970626,19970627 00:00:00,19970717,19970903,,
600883.sh,20011019,3,14.2,102000000,20011029,20011026,20011029 00:00:00,20011109,20011130,,
600884.sh,20010924,3,12,237831000,20011009,20011008,20011009 00:00:00,20011022,20011207,,
600884.sh,19981205,2.1428,10,144799000,19981222,19981221,19981222 00:00:00,19990105,19990205,,
600884.sh,19970704,2.14,6,85176000,19970721,19970718,19970721 00:00:00,19970801,19970820,,
600886.sh,20070904,3,6.14,813492000,20070917,20070906,20070907 00:00:00,20070913,20070924,,
600886.sh,19980709,1.5,15,244996000,19980724,19980723,19980724 00:00:00,19980806,19980831,,
600887.sh,19981104,3,15,130425000,19981119,19981118,19981119 00:00:00,19981203,19990105,,
600887.sh,19970612,3,6.8,100327000,19970627,19970626,19970627 00:00:00,19970715,19970821,,
600889.sh,19990726,3,6.2,109475000,19990810,19990809,19990810 00:00:00,19990823,19990910,,
600890.sh,19970620,3,8,144550000,19970709,19970708,19970709 00:00:00,19970722,19970814,,
600891.sh,19970812,3,5,102100000,19970827,19970826,19970827 00:00:00,19970909,19971016,,
600893.sh,19971126,2.479,7,191764000,19971211,19971210,19971211 00:00:00,19971224,19980210,,
600894.sh,19990129,3,3.6,632461000,19990303,19990302,19990303 00:00:00,19990316,19990405,,
600894.sh,19970708,2,4.58,600000000,19970723,19970722,19970723 00:00:00,19970805,19970815,,
600895.sh,20080804,2.9,7.7,1215670000,20080815,20080806,20080807 00:00:00,20080813,20080821,,
600895.sh,20010116,8,15,233250000,20010214,20010213,20010214 00:00:00,20010227,20010321,,
600895.sh,19980624,2.3077,7.5,195000000,19980710,19980709,19980710 00:00:00,19980723,19980812,,
600896.sh,19990907,2,6,280081000,19990922,19990921,19990922 00:00:00,19991007,19991111,,
600896.sh,19970814,3,4.5,166700000,19970829,19970828,19970829 00:00:00,19970911,19971010,,
600897.sh,19970703,2.5,10,216000000,19970718,19970717,19970718 00:00:00,19970801,19970825,,
600898.sh,19980605,2.307,7,174881000,19980622,19980619,19980622 00:00:00,19980703,19980803,,
900903.sh,19960918,3,0.578,0,19961004,19961008,19961010 00:00:00,19961031,19961118,,
900903.sh,19950106,3,0.568,0,19950116,19950118,19000101 00:00:00,19950217,19950228,,
900903.sh,19930729,9,0.383,0,19930803,19930805,19930806 00:00:00,19930820,19930906,,
900905.sh,19970228,2.72,0.3,0,19970314,19970318,19970320 00:00:00,19970411,19970515,,
900905.sh,19931230,8,0.3792,0,19940105,19940107,19940110 00:00:00,19940128,19940207,,
900908.sh,19940127,4,0.23,0,19940202,19940204,19940214 00:00:00,19940308,19940314,,
900911.sh,19970709,3,0.5427,0,19970724,19970728,19970804 00:00:00,19970819,19970904,,
900911.sh,19940701,3,0.46,0,19940707,19940711,19940715 00:00:00,19940726,19940811,,
900912.sh,19940823,3,0.5,0,19940902,19940906,19940913 00:00:00,19940921,19941005,,
900917.sh,19970704,2.5,0.543,110010000,19970721,19970723,19970728 00:00:00,19970801,19970825,,
900932.sh,19961023,3,0.6628,0,19961108,19961112,19961114 00:00:00,19961203,19961226,,
000001.sz,20001023,3,8,1551850000,20001106,20001103,20001107 00:00:00,20001120,20001208,,
000001.sz,19940109,1,5,404127000,19940709,19940708,19940728 00:00:00,19940810,19940822,,
000001.sz,19930507,1,16,0,19930524,19930521,19930614 00:00:00,19930702,19930705,,
000002.sz,19991222,2.727,7.5,545537000,20000110,20000107,20000111 00:00:00,20000124,20000216,,
000002.sz,19970626,2.37,4.5,364605000,19970714,19970711,19970716 00:00:00,19970729,19970822,,
000002.sz,19700101,5,4.4,0,19910608,19910527,19910528 00:00:00,19910608,19700101,,
000004.sz,19930512,4,10,0,19930524,19930521,19930614 00:00:00,19930701,19930621,,
000004.sz,19700101,7,0,0,19910628,19910617,19000101 00:00:00,19700101,19700101,,
000005.sz,20001206,2.72727,4.95,569819000,20001221,20001220,20001222 00:00:00,20010105,20010207,,
000005.sz,19940917,10,3,90000000,19940923,19940922,19941012 00:00:00,19941025,19941104,,
000006.sz,19970313,3,12,135620000,19970328,19970327,19970401 00:00:00,19970414,19970512,,
000006.sz,19941220,1.5,5.6,90715800,19941227,19941226,19950123 00:00:00,19950224,19950308,,
000006.sz,19930526,3,12.8,0,19930607,19930604,19930628 00:00:00,19930722,19930705,,
000007.sz,19940618,3,4,43316300,19940630,19940629,19940719 00:00:00,19940801,19940811,,
000007.sz,19930516,5,9,43316300,19930531,19930528,19930621 00:00:00,19930715,19930628,,
000008.sz,19940906,1.5,3,44787600,19940919,19940916,19941006 00:00:00,19941019,19941031,,
000008.sz,19930519,3,10,0,19930531,19930528,19930621 00:00:00,19930715,19930628,,
000009.sz,19960411,2.4,2.55,803770000,19960424,19960423,19960426 00:00:00,19960509,19960604,,
000010.sz,19971119,3,5,58650600,19971210,19971209,19971212 00:00:00,19971225,19980122,,
000012.sz,19970715,1.935,4,507099000,19970730,19970729,19970801 00:00:00,19970814,19970929,,
000012.sz,19930516,5,7.95,0,19930524,19930521,19930614 00:00:00,19930708,19930712,,
000014.sz,19930505,5,9.18,0,19930517,19930514,19930601 00:00:00,19930617,19930621,,
000016.sz,19980630,3,10.5,365573000,19980716,19980715,19980720 00:00:00,19980731,19980925,,
000016.sz,19960702,3,6.28,281210000,19960717,19960716,19960719 00:00:00,19960801,19960823,,
000017.sz,19931201,2,8.7,0,19931213,19931210,19931227 00:00:00,19940107,19940103,,
000019.sz,20001207,3,5,166708000,20001222,20001221,20001225 00:00:00,20010108,20010208,,
000019.sz,19941229,1,2.3,129849000,19950104,19950103,19950220 00:00:00,19950303,19950315,,
000020.sz,19971013,3,4,212333000,19971028,19971027,19971030 00:00:00,19971112,19971222,,
000021.sz,19981109,3,18,531055000,19981124,19981123,19981126 00:00:00,19981209,19981228,,
000021.sz,19960404,3,3.68,189594000,19960418,19960417,19960422 00:00:00,19960503,19960524,,
000024.sz,20031104,3,8.93,476396000,20031112,20031111,20031112 00:00:00,20031125,20031204,,
000024.sz,19960709,3,4.5,277200000,19960724,19960723,19960726 00:00:00,19960808,19960906,,
000024.sz,20100413,7,9.06,396396000,20000223,20000222,20000224 00:00:00,20000228,20000323,,
000026.sz,19971015,2,8,138510000,19971030,19971029,19971103 00:00:00,19971114,19980105,,
000026.sz,19951222,3,6,109800000,19960102,19951229,19960104 00:00:00,19960117,19960125,,
000027.sz,20000824,2.5,5.8,906616000,20000908,20000907,20000911 00:00:00,20000922,20001020,,
000027.sz,19970131,2.59,3.98,406560000,19970303,19970228,19970305 00:00:00,19970318,19970416,,
000031.sz,20070808,3,6.5,699454000,20070821,20070810,20070813 00:00:00,20070817,20070830,,
000031.sz,19970220,2.4,3.8,330000000,19970306,19970305,19970310 00:00:00,19970321,19970422,,
000033.sz,19950503,3,2.5,252000000,19950509,19950508,19950608 00:00:00,19950621,19950629,,
000035.sz,19950223,3,2.45,81040000,19950228,19950227,19950331 00:00:00,19950413,19950425,,
000037.sz,20010118,3,13.4,356400000,20010216,20010215,20010219 00:00:00,20010302,20010327,,
000040.sz,19990308,3,6,201704000,19990323,19990322,19990325 00:00:00,19990407,19990512,,
000040.sz,19970811,3,7.3,176249000,19970826,19970825,19970828 00:00:00,19970910,19971013,,
000040.sz,19951122,2.307,4,145766000,19951129,19951128,19951201 00:00:00,19951214,19951222,,
000042.sz,19970301,2.3,12.8,139061000,19970317,19970314,19970319 00:00:00,19970401,19970512,,
000043.sz,19970814,2.72727,6.5,130130000,19970829,19970828,19970902 00:00:00,19970915,19971021,,
000046.sz,20010329,3,10.5,204888000,20010413,20010412,20010416 00:00:00,20010427,20010525,,
000046.sz,19950811,1.775,3.8,87880000,19950821,19950818,19950823 00:00:00,19950905,19950913,,
000048.sz,19970627,1.875,6.8,132480000,19970717,19970716,19970721 00:00:00,19970801,19970822,,
000050.sz,19980314,2.72727,5.5,91355000,19980331,19980330,19980402 00:00:00,19980415,19980525,,
000055.sz,19990904,2.5,14.5,288000000,19990920,19990917,19990922 00:00:00,19991012,19991105,,
000058.sz,20000318,8,6.82,613427000,20000403,20000331,20000404 00:00:00,20000417,20000508,,
000059.sz,19980728,3,7,615000000,19980813,19980812,19980817 00:00:00,19980828,19980917,,
000060.sz,19981230,8,10,80000000,19990115,19990114,19990119 00:00:00,19990201,19990326,,
000061.sz,20030322,3,9.19,184858000,20030331,20030328,20030331 00:00:00,20030411,20030422,,
000061.sz,20000821,2.5,12.8,154132000,20000904,20000901,20000905 00:00:00,20000918,20001010,,
000061.sz,19980613,1.30718,8,116311000,19980630,19980629,19980702 00:00:00,19980715,19980828,,
000062.sz,19981102,3,10,160000000,19981117,19981116,19981119 00:00:00,19981202,19990121,,
000063.sz,19990713,2.3077,20,325000000,19990728,19990727,19990730 00:00:00,19990812,19990902,,
000065.sz,20001117,3,9,80000000,20001204,20001201,20001205 00:00:00,20001218,20010117,,
000066.sz,20000111,1.64835,12,288561000,20000126,20000125,20000127 00:00:00,20000223,20000316,,
000069.sz,20000807,3,9,345600000,20000821,20000818,20000822 00:00:00,20000904,20000926,,
000088.sz,20040108,3,19.62,585000000,20040116,20040115,20040116 00:00:00,20040210,20040219,,
000089.sz,20000814,2,12,450000000,20000828,20000825,20000829 00:00:00,20000911,20000926,,
000099.sz,20031127,3,7.12,235200000,20031205,20031204,20031205 00:00:00,20031218,20040129,,
000158.sz,20030809,3,5.07,400000000,20030818,20030815,20030818 00:00:00,20030829,20030909,,
000400.sz,19990913,2,11,207000000,19990928,19990927,19990930 00:00:00,19991020,19991110,,
000401.sz,20040115,3,4.61,881786000,20040204,20040203,20040204 00:00:00,20040217,20040227,,
000401.sz,20000714,3,4,814402000,20000731,20000728,20000801 00:00:00,20000814,20000831,,
000401.sz,19970705,3,5,400000000,19970722,19970721,19970724 00:00:00,19970806,19970926,,
000404.sz,20010223,3,8.2,237251000,20010312,20010309,20010313 00:00:00,20010326,20010413,,
000404.sz,19970926,3,5.6,140000000,19971017,19971016,19971021 00:00:00,19971103,19971126,,
000407.sz,20000115,2,8,217800000,20000214,20000128,20000215 00:00:00,20000228,20000321,,
000407.sz,19970926,2.30769,5,78650000,19971017,19971016,19971021 00:00:00,19971103,19971209,,
000408.sz,20010214,3,12,103824000,20010301,20010228,20010302 00:00:00,20010315,20010410,,
000408.sz,19971124,1.70455,7,88704000,19971211,19971210,19971215 00:00:00,19971226,19980122,,
000409.sz,19970826,1.75,6,139272000,19970910,19970909,19970912 00:00:00,19970925,19971110,,
000410.sz,19980216,2.30769,4.2,280571000,19980303,19980302,19980305 00:00:00,19980318,19980710,,
000415.sz,19990623,2.30769,9.8,117000000,19990708,19990707,19990712 00:00:00,19990723,19990810,,
000416.sz,19971204,2,4.6,97008000,19971219,19971218,19971223 00:00:00,19980107,19980414,,
000417.sz,20000913,3,14,75403800,20000928,20000927,20000929 00:00:00,20001017,20001120,,
000417.sz,19980303,3,9,60652500,19980318,19980317,19980320 00:00:00,19980402,19980506,,
000419.sz,20000526,3,13.6,159650000,20000612,20000609,20000613 00:00:00,20000626,20000711,,
000419.sz,19980116,1,9.5,153150000,19980217,19980216,19980219 00:00:00,19980304,19980422,,
000420.sz,20000605,3,6,331255000,20000619,20000616,20000620 00:00:00,20000703,20000719,,
000420.sz,19980710,2.5,4.5,297832000,19980728,19980727,19980730 00:00:00,19980812,19980909,,
000421.sz,19990731,1.875,7,181733000,19990816,19990813,19990818 00:00:00,19990831,19990920,,
000421.sz,19971013,1.66667,5,97704000,19971028,19971027,19971030 00:00:00,19971112,19971223,,
000422.sz,20041015,3,6.17,213880000,20041025,20041022,20041025 00:00:00,20041105,20041118,,
000422.sz,20010803,3,10,186963000,20010813,20010810,20010814 00:00:00,20010827,20010928,,
000422.sz,19971204,1.53846,8,127502000,19971219,19971218,19971223 00:00:00,19980107,19980213,,
000423.sz,20000717,2.49994,8,167677000,20000731,20000728,20000801 00:00:00,20000814,20000901,,
000423.sz,19971231,1.5464,6,121017000,19980122,19980121,19980209 00:00:00,19980220,19980409,,
000425.sz,20010927,2.30769,10,458563000,20011012,20011011,20011015 00:00:00,20011026,20011127,,
000425.sz,19990901,3,7.25,155931000,19990916,19990915,19990920 00:00:00,19991008,19991101,,
000426.sz,20010119,3,13.2,184481000,20010219,20010216,20010220 00:00:00,20010305,20010402,,
000426.sz,19980425,4.0404,8,109494000,19980512,19980511,19980514 00:00:00,19980527,19980708,,
000428.sz,20010106,3,11,158800000,20010205,20010119,20010206 00:00:00,20010219,20010312,,
000428.sz,19981021,3,9.8,144000000,19981105,19981104,19981109 00:00:00,19981120,19981218,,
000429.sz,20000801,3,11,764256000,20000816,20000815,20000817 00:00:00,20000830,20000919,,
000501.sz,19971025,3,7,289883000,19971110,19971107,19971112 00:00:00,19971125,19971223,,
000501.sz,19930519,3,9,140040000,19930531,19930528,19930621 00:00:00,19930708,19930628,,
000502.sz,19930609,3,10,0,19930619,19930618,19930712 00:00:00,19930729,19930719,,
000503.sz,19930606,5,4.7,0,19930612,19930611,19930705 00:00:00,19930729,19930712,,
000504.sz,19950228,1.5,2.6,272507000,19950307,19950306,19950324 00:00:00,19950330,19950411,,
000504.sz,19930530,5,5,0,19930614,19930611,19930705 00:00:00,19930723,19930712,,
000506.sz,19941227,2.5,2.22,197348000,19950104,19950103,19950123 00:00:00,19950216,19950228,,
000506.sz,19930606,1,6.2,0,19930614,19930611,19930705 00:00:00,19930729,19930712,,
000507.sz,19930528,5,8,0,19930605,19930604,19930628 00:00:00,19930722,19930705,,
000509.sz,20010808,3,11.15,215185000,20010816,20010815,20010817 00:00:00,20010830,20010928,,
000509.sz,19930711,4.5,6.5,92162400,19930719,19930716,19930809 00:00:00,19930909,19930816,,
000510.sz,19970430,2.976,4.5,239610000,19970516,19970515,19970520 00:00:00,19970602,19970703,,
000510.sz,19950801,2.307,3.13,103054000,19950809,19950808,19950811 00:00:00,19950824,19950901,,
000510.sz,19930616,3,6.8,0,19930705,19930702,19930726 00:00:00,19930819,19930802,,
000511.sz,19941215,2.587,3.2,96336700,19941227,19941226,19950127 00:00:00,19950224,19950308,,
000511.sz,19930630,5,6,0,19930712,19930709,19930802 00:00:00,19930819,19930809,,
000513.sz,19970124,3,4.7,199422000,19970225,19970224,19970227 00:00:00,19970312,19970409,,
000513.sz,19941118,2.65,4.1,0,19950104,19950103,19950213 00:00:00,19950222,19950306,,
000514.sz,19931016,3,3.5,0,19931025,19931022,19931115 00:00:00,19931210,19931122,,
000516.sz,20090928,3,3.98,296311000,20091020,20091009,20091012 00:00:00,20091016,20091029,,
000516.sz,20001230,3,12,120350000,20010116,20010115,20010117 00:00:00,20010213,20010302,,
000516.sz,19940511,1,3,50652500,19940526,19940525,19940614 00:00:00,19940627,19940707,,
000517.sz,19940307,3,3.8,79506000,19940321,19940318,19940407 00:00:00,19940420,19940503,,
000519.sz,20010228,1.66667,12,127748000,20010315,20010314,20010316 00:00:00,20010329,20010427,,
000519.sz,19950110,2.835,3,53821200,19950117,19950116,19950303 00:00:00,19950316,19950328,,
000520.sz,19980213,2.142,6,359499000,19980302,19980227,19980304 00:00:00,19980317,19980415,,
000520.sz,19940930,2,3,198667000,19941013,19941012,19941228 00:00:00,19950111,19950123,,
000521.sz,19970711,2.22,4.8,380226000,19970725,19970724,19970729 00:00:00,19970811,19970829,,
000521.sz,19941224,2,3.88,130350000,19941227,19941226,19950127 00:00:00,19950224,19950308,,
000522.sz,19950311,1.5,3,288000000,19950317,19950316,19950328 00:00:00,19950410,19950418,,
000523.sz,19950323,1.77,3.3,138168000,19950328,19950327,19950420 00:00:00,19950503,19950511,,
000524.sz,19970310,2.7,4.8,163340000,19970324,19970321,19970326 00:00:00,19970408,19970424,,
000525.sz,20000911,2.5,12.68,147777000,20000925,20000922,20000926 00:00:00,20001016,20001106,,
000526.sz,19940917,3,3.2,0,19940927,19940926,19941215 00:00:00,19941228,19950110,,
000527.sz,19990726,2.30769,7.5,430224000,19990810,19990809,19990812 00:00:00,19990825,19990928,,
000527.sz,19970705,2.2725,7,275111000,19970722,19970721,19970724 00:00:00,19970806,19970828,,
000527.sz,19950812,3,3.95,182160000,19950821,19950818,19950823 00:00:00,19950905,19950913,,
000528.sz,20040521,3,9.38,327537000,20040531,20040528,20040531 00:00:00,20040611,20040623,,
000528.sz,19940930,8.5,2.8,0,19941019,19941018,19950227 00:00:00,19950310,19950322,,
000529.sz,19981020,3,6.25,342940000,19981104,19981103,19981106 00:00:00,19981119,19981230,,
000529.sz,19961205,3,5.5,275895000,19961219,19961218,19961223 00:00:00,19970106,19970128,,
000529.sz,19950412,3,5,198767000,19950418,19950417,19950504 00:00:00,19950517,19950525,,
000530.sz,19970418,3,4.8,144625000,19970506,19970505,19970508 00:00:00,19970521,19970618,,
000530.sz,19941220,2.74,3.4,110550000,19941227,19941226,19950127 00:00:00,19950224,19950308,,
000531.sz,19971008,2.72724,5.3,211664000,19971023,19971022,19971027 00:00:00,19971107,19971222,,
000531.sz,19950322,1.666,2.9,151920000,19950328,19950327,19950427 00:00:00,19950510,19950518,,
000532.sz,19940927,7.63,4.6,0,19941010,19941007,19941027 00:00:00,19941114,19941124,,
000536.sz,19940929,2.744,3.32,110000000,19941019,19941018,19941220 00:00:00,19950103,19950113,,
000537.sz,20000706,2.08333,19.8,198678000,20000721,20000720,20000724 00:00:00,20000804,20000823,,
000538.sz,19991201,2,7,168185000,19991214,19991213,19991215 00:00:00,19991229,20000121,,
000538.sz,19951103,2.7,3.1,88000000,19951108,19951107,19951110 00:00:00,19951123,19951201,,
000540.sz,19951223,1.666,3.2,77061700,19951227,19951226,19951229 00:00:00,19960112,19960122,,
000541.sz,19941224,2,8,115755000,19950104,19950103,19950116 00:00:00,19950127,19950222,,
000543.sz,19980211,3,6.8,734703000,19980226,19980225,19980302 00:00:00,19980313,19980409,,
000543.sz,19960427,3,3,555000000,19960514,19960513,19960516 00:00:00,19960529,19960711,,
000544.sz,19950729,2,2.5,178500000,19950804,19950803,19950808 00:00:00,19950821,19950829,,
000545.sz,19950106,2.87,2.95,110460000,19950110,19950109,19950224 00:00:00,19950309,19950321,,
000546.sz,19940927,4.98,2.4,152553000,19941013,19941012,19941208 00:00:00,19941221,19950103,,
000547.sz,19971128,2.803,5,98150800,19971216,19971215,19971218 00:00:00,19971231,19980213,,
000547.sz,19960704,2,3.5,79317900,19960717,19960716,19960719 00:00:00,19960801,19960829,,
000547.sz,19941213,3,3.5,53220000,19941220,19941219,19950120 00:00:00,19950216,19950228,,
000548.sz,19940929,4.5,3.77,187870000,19941013,19941012,19941213 00:00:00,19941226,19950106,,
000551.sz,19950818,2.777,3.15,0,19950906,19950905,19950908 00:00:00,19950921,19950929,,
000553.sz,19961024,3,4,139970000,19961111,19961108,19961113 00:00:00,19961126,19961220,,
000553.sz,19950630,3,3.5,113988000,19950704,19950703,19950706 00:00:00,19950719,19950727,,
000554.sz,19940109,8,5,0,19940124,19940121,19940214 00:00:00,19940302,19940307,,
000557.sz,19990825,3,9.6,220203000,19990909,19990908,19990913 00:00:00,19990924,19991108,,
000557.sz,19970618,1.648,8.28,204910000,19970707,19970704,19970709 00:00:00,19970722,19970828,,
000557.sz,19951006,2.14,4.3,74000000,19951011,19951010,19951013 00:00:00,19951026,19951103,,
000558.sz,19950929,2.79,3.2,86000000,19951011,19951010,19951013 00:00:00,19951026,19951103,,
000559.sz,20010216,3,14,282860000,20010305,20010302,20010306 00:00:00,20010319,20010405,,
000559.sz,19971227,2.5,8,188277000,19980114,19980113,19980116 00:00:00,19980212,19980320,,
000559.sz,19960719,2.479,4.2,131891000,19960805,19960802,19960807 00:00:00,19960820,19960912,,
000560.sz,19951101,3,2.8,120000000,19951108,19951107,19951110 00:00:00,19951123,19951201,,
000561.sz,19980213,2.5,4,327127000,19980302,19980227,19980304 00:00:00,19980317,19980415,,
000561.sz,19960723,3,3,225140000,19960806,19960805,19960808 00:00:00,19960821,19960913,,
000562.sz,19951124,1,3,192500000,19951129,19951128,19951201 00:00:00,19951214,19951222,,
000563.sz,19971121,3,5,137530000,19971209,19971208,19971211 00:00:00,19971224,19980122,,
000564.sz,19970421,2.5,4.3,59556300,19970507,19970506,19970509 00:00:00,19970522,19970627,,
000564.sz,19951025,3,2.85,105846000,19951031,19951030,19951102 00:00:00,19951115,19951123,,
000564.sz,19940409,3,3.8,105846000,19940419,19940418,19940506 00:00:00,19940519,19940531,,
000565.sz,19991203,2,7,157181000,19991214,19991213,19991215 00:00:00,19991229,20000117,,
000565.sz,19960404,2.3,3,70407500,19960418,19960417,19960422 00:00:00,19960503,19960529,,
000566.sz,19950929,2,3.5,142500000,19951011,19951010,19951013 00:00:00,19951026,19951103,,
000568.sz,20021102,3,8,488935000,20021111,20021108,20021111 00:00:00,20021122,20021209,,
000568.sz,19971219,1.5625,7,325279000,19980107,19980106,19980109 00:00:00,19980122,19980320,,
000569.sz,19960214,2.5,2.05,620155000,19960313,19960312,19960315 00:00:00,19960328,19960516,,
000570.sz,20000216,3,9,352000000,20000302,20000301,20000303 00:00:00,20000316,20000405,,
000570.sz,19951122,2.727,4,132000000,19951129,19951128,19951201 00:00:00,19951214,19951222,,
000571.sz,19970704,1.071,6,474880000,19970721,19970718,19970723 00:00:00,19970805,19970904,,
000571.sz,19950826,2.142,3.8,112000000,19950830,19950829,19950901 00:00:00,19950914,19950922,,
000573.sz,19980806,2.1428,5.08,399706000,19980821,19980820,19980825 00:00:00,19980907,19980930,,
000573.sz,19960402,2.1,5.8,142830000,19960416,19960415,19960418 00:00:00,19960430,19960522,,
000576.sz,19980605,1.81818,7.7,198257000,19980622,19980619,19980624 00:00:00,19980707,19980814,,
000576.sz,19960719,2.5,6.5,105737000,19960805,19960802,19960807 00:00:00,19960820,19960904,,
000578.sz,19990703,3,9,101265000,19990719,19990716,19990721 00:00:00,19990803,19990825,,
000578.sz,19960726,2.727,3,56833000,19960812,19960809,19960814 00:00:00,19960827,19961106,,
000581.sz,20001012,2.30769,10,394466000,20001027,20001026,20001030 00:00:00,20001110,20001130,,
000582.sz,19990701,3,6,145486000,19990716,19990715,19990720 00:00:00,19990802,19990823,,
000586.sz,19980226,3,5,138000000,19980313,19980312,19980317 00:00:00,19980330,19980427,,
000587.sz,19990209,3,5.6,166444000,19990315,19990312,19990317 00:00:00,19990330,19990427,,
000587.sz,19970723,1.648,3.8,145600000,19970808,19970807,19970812 00:00:00,19970825,19970912,,
000589.sz,19990811,3,5.5,218010000,19990826,19990825,19990830 00:00:00,19990910,19991020,,
000589.sz,19970621,1.7647,10,201535000,19970710,19970709,19970714 00:00:00,19970725,19970828,,
000590.sz,19991120,3,9,102646000,19991206,19991203,19991207 00:00:00,19991221,20000106,,
000590.sz,19970815,2,6,90000000,19970901,19970829,19970903 00:00:00,19970916,19971030,,
000591.sz,19991206,2.08333,10,91266200,19991215,19991214,19991216 00:00:00,19991230,20000124,,
000592.sz,19971008,2.0979,6.88,214500000,19971023,19971022,19971027 00:00:00,19971107,19971216,,
000593.sz,19971209,3,5.5,70000000,19971224,19971223,19971226 00:00:00,19980112,19980226,,
000594.sz,19990305,5.71429,5,132250000,19990322,19990319,19990324 00:00:00,19990406,19990528,,
000595.sz,19970703,2.5,4.8,36000000,19970717,19970716,19970721 00:00:00,19970801,19970912,,
000598.sz,20011114,3,7.55,153450000,20011122,20011121,20011122 00:00:00,20011205,20011218,,
000598.sz,19981209,3,10.2,75500000,19981224,19981223,19981228 00:00:00,19990111,19990203,,
000598.sz,19970703,3,10,65000000,19970721,19970718,19970723 00:00:00,19970805,19970909,,
000599.sz,20041224,2.5,4.33,225079000,20050104,20041231,20050104 00:00:00,20050117,20050126,,
000599.sz,20010104,3,8,132054000,20010119,20010118,20010205 00:00:00,20010216,20010330,,
000599.sz,19970820,2.5,5,120000000,19970904,19970903,19970908 00:00:00,19970919,19971030,,
000600.sz,19970802,1.302,5.8,136295000,19970818,19970815,19970820 00:00:00,19970902,19971217,,
000601.sz,20040604,3,6.57,390381000,20040614,20040611,20040614 00:00:00,20040625,20040708,,
000601.sz,20000422,8,7,311367000,20000515,20000512,20000516 00:00:00,20000529,20000614,,
000601.sz,19980114,1.6667,10,288000000,19980213,19980212,19980217 00:00:00,19980302,19980325,,
000602.sz,19980212,1.64835,8.1,92820000,19980227,19980226,19980303 00:00:00,19980316,19980505,,
000606.sz,20000807,3,9,66950000,20000822,20000821,20000823 00:00:00,20000905,20000928,,
000606.sz,19980116,3,4,51500000,19980216,19980213,19980218 00:00:00,19980303,19980331,,
000608.sz,19991016,3,10,108990000,19991101,19991029,19991103 00:00:00,19991116,19991210,,
000609.sz,19980813,2,8,111150000,19980828,19980827,19980901 00:00:00,19980914,19981106,,
000610.sz,20000219,3,7,150110000,20000306,20000303,20000307 00:00:00,20000320,20000417,,
000611.sz,19981208,2.5,4.28,154164000,19981223,19981222,19981225 00:00:00,19990108,19990203,,
000612.sz,20021109,3,7.5,269648000,20021119,20021118,20021119 00:00:00,20021202,20021226,,
000615.sz,20000814,3,9.8,138533000,20000829,20000828,20000830 00:00:00,20000912,20001011,,
000615.sz,19980116,2.5,5.8,62385600,19980217,19980216,19980219 00:00:00,19980304,19980415,,
000616.sz,20001230,3,17,84500000,20010116,20010115,20010117 00:00:00,20010213,20010227,,
000616.sz,19980608,3,7,50000000,19980624,19980623,19980626 00:00:00,19980709,19980813,,
000623.sz,20000814,3,10,195468000,20000828,20000825,20000829 00:00:00,20000911,20000926,,
000623.sz,19980209,1.6667,8,128880000,19980224,19980223,19980226 00:00:00,19980311,19980421,,
000627.sz,20001228,1.39,15,278891000,20010115,20010112,20010116 00:00:00,20010212,20010327,,
000627.sz,19980616,3,10,103244000,19980702,19980701,19980706 00:00:00,19980717,19980814,,
000629.sz,20100413,15,4.8,0,19981029,19980529,19981005 00:00:00,19981007,19981029,,
000630.sz,20001121,8,7.6,364000000,20001206,20001205,20001207 00:00:00,20001220,20010110,,
000630.sz,19980211,3,6.96,280000000,19980227,19980226,19980303 00:00:00,19980316,19980424,,
000631.sz,20000518,3,9,145010000,20000602,20000601,20000605 00:00:00,20000616,20000705,,
000631.sz,19980603,2.5,9,62400000,19980619,19980618,19980623 00:00:00,19980706,19980728,,
000632.sz,20010110,3,12,163244000,20010208,20010207,20010209 00:00:00,20010222,20010319,,
000632.sz,19980820,2.7272,7,128284000,19980904,19980903,19980908 00:00:00,19980921,19981019,,
000633.sz,19980121,3,5,51685000,19980219,19980218,19980223 00:00:00,19980306,19980513,,
000635.sz,20090803,3,12,137474000,20090814,20090805,20090806 00:00:00,20090812,20090824,,
000635.sz,20001031,3,8,100600000,20001115,20001114,20001116 00:00:00,20001129,20001229,,
000635.sz,19980617,1.76471,8,88060000,19980703,19980702,19980707 00:00:00,19980720,19980902,,
000636.sz,19980214,1.5,13,107000000,19980303,19980302,19980305 00:00:00,19980318,19980506,,
000637.sz,19980711,2.3077,6,86082400,19980728,19980727,19980730 00:00:00,19980812,19980917,,
000650.sz,20000712,3,8.5,102744000,20000727,20000726,20000728 00:00:00,20000810,20000830,,
000650.sz,19980605,2,6.3,78000000,19980624,19980623,19980626 00:00:00,19980709,19980807,,
000651.sz,20000720,3,14,325200000,20000804,20000803,20000807 00:00:00,20000818,20000908,,
000651.sz,19980404,3,22,150000000,19980421,19980420,19980423 00:00:00,19980507,19980602,,
000652.sz,20010118,3,15.18,265155000,20010216,20010215,20010219 00:00:00,20010302,20010326,,
000655.sz,20000126,3,11.8,116388000,20000224,20000223,20000225 00:00:00,20000309,20000406,,
000657.sz,19991126,2.3077,11,151808000,19991213,19991210,19991214 00:00:00,19991228,20000107,,
000659.sz,20030621,3,6.7,378793000,20030630,20030627,20030630 00:00:00,20030711,20030728,,
000659.sz,20000427,3,8.4,339260000,20000519,20000518,20000522 00:00:00,20000602,20000616,,
000659.sz,19980530,1.66667,9.3,306000000,19980615,19980612,19980617 00:00:00,19980630,19980720,,
000661.sz,19981021,3,8,172973000,19981105,19981104,19981109 00:00:00,19981120,19981228,,
000663.sz,19990209,2.30769,8.7,147490000,19990316,19990315,19990318 00:00:00,19990331,19990423,,
000665.sz,20000805,3,11.5,129428000,20000821,20000818,20000822 00:00:00,20000904,20000922,,
000665.sz,19980416,2.5,9,60112000,19980504,19980430,19980506 00:00:00,19980519,19980622,,
000666.sz,20100413,30,7.21,0,20000531,20000525,20000530 00:00:00,20000531,20000623,,
000668.sz,19980605,2.5,8,102600000,19980623,19980622,19980625 00:00:00,19980708,19980807,,
000671.sz,19980530,2.5,7.5,63822900,19980616,19980615,19980618 00:00:00,19980701,19980723,,
000676.sz,20010216,1.5,15,177500000,20010305,20010302,20010306 00:00:00,20010319,20010410,,
000676.sz,19980820,1.7647,10,85000000,19980904,19980903,19980908 00:00:00,19980921,19981026,,
000677.sz,20020907,2.72727,7.2,182224000,20020916,20020913,20020916 00:00:00,20020927,20021028,,
000677.sz,19980710,2,5.9,76693500,19980728,19980727,19980730 00:00:00,19980812,19980918,,
000678.sz,20000219,3,8.1,120866000,20000306,20000303,20000307 00:00:00,20000320,20000412,,
000680.sz,20080218,1,7.62,692520000,20080229,20080220,20080221 00:00:00,20080227,20080306,,
000680.sz,20040529,3,7.32,282720000,20040608,20040607,20040608 00:00:00,20040621,20040630,,
000681.sz,20000914,2.4,20,125000000,20000929,20000928,20000930 00:00:00,20001020,20001114,,
000682.sz,19990205,1.66667,10,245880000,19990311,19990310,19990315 00:00:00,19990326,19990430,,
000683.sz,19980807,3,8.6,430000000,19980824,19980821,19980826 00:00:00,19980908,19980929,,
000686.sz,20001201,3,10,110166000,20001218,20001215,20001219 00:00:00,20010102,20010205,,
000686.sz,19980804,1.7751,7.5,94302000,19980819,19980818,19980821 00:00:00,19980903,19980929,,
000687.sz,19991218,3,6.5,295000000,20000107,20000106,20000110 00:00:00,20000121,20000217,,
000690.sz,20030926,3,5.19,193500000,20031014,20031013,20031014 00:00:00,20031027,20031107,,
000690.sz,19990630,3,9.5,100000000,19990715,19990714,19990719 00:00:00,19990730,19990827,,
000691.sz,19980618,1.5,6,241200000,19980706,19980703,19980708 00:00:00,19980721,19980820,,
000692.sz,20010221,2.9472,10,234205000,20010308,20010307,20010309 00:00:00,20010322,20010417,,
000692.sz,19980701,3.78788,8.2,105600000,19980716,19980715,19980720 00:00:00,19980731,19981027,,
000695.sz,20000511,3,8,154610000,20000526,20000525,20000529 00:00:00,20000609,20000627,,
000697.sz,19991116,2,12,200590000,19991202,19991201,19991203 00:00:00,19991216,20000104,,
000698.sz,19980822,3,6.8,229400000,19980908,19980907,19980910 00:00:00,19980923,19981103,,
000700.sz,19990915,3,8,111928000,19990930,19990929,19991011 00:00:00,19991022,19991112,,
000702.sz,20000428,3,12,141614000,20000522,20000519,20000523 00:00:00,20000605,20000627,,
000705.sz,20001127,3,8,99450000,20001211,20001208,20001212 00:00:00,20001225,20010112,,
000707.sz,20010215,3,8.5,264982000,20010302,20010301,20010305 00:00:00,20010316,20010402,,
000707.sz,19980602,2.14286,10,236432000,19980618,19980617,19980622 00:00:00,19980703,19980805,,
000708.sz,19980603,2,5,418842000,19980623,19980622,19980625 00:00:00,19980708,19980902,,
000709.sz,19991124,3,8.58,793882000,19991209,19991208,19991210 00:00:00,19991224,20000106,,
000711.sz,19990908,2,7,98748000,19990923,19990922,19990927 00:00:00,19991015,19991123,,
000713.sz,19990818,3,9.3,108000000,19990902,19990901,19990906 00:00:00,19990917,19991019,,
000715.sz,19990830,1.875,6,192000000,19990914,19990913,19990916 00:00:00,19990929,19991129,,
000716.sz,19990629,3,7,119132000,19990714,19990713,19990716 00:00:00,19990729,19990830,,
000717.sz,20000601,3,6.5,416000000,20000616,20000615,20000619 00:00:00,20000630,20000720,,
000717.sz,19980616,3,8.5,320000000,19980702,19980701,19980706 00:00:00,19980717,19980813,,
000718.sz,20001123,3,5,352560000,20001208,20001207,20001211 00:00:00,20001222,20010103,,
000720.sz,19990828,2,10,273000000,19990913,19990910,19990915 00:00:00,19990928,19991105,,
000722.sz,20020914,3,7.8,194800000,20020923,20020920,20020923 00:00:00,20021014,20021029,,
000722.sz,19991014,6,8.6,104000000,19991029,19991028,19991102 00:00:00,19991115,19991206,,
000723.sz,19991018,2,6.35,124350000,19991102,19991101,19991104 00:00:00,19991117,19991216,,
000727.sz,19990713,3,7.8,211179000,19990728,19990727,19990730 00:00:00,19990812,19990910,,
000728.sz,19980825,3,5,320000000,19980909,19980908,19980911 00:00:00,19980924,19981026,,
000729.sz,20000519,3,9.3,554225000,20000605,20000602,20000606 00:00:00,20000619,20000706,,
000729.sz,19980909,2,9.2,464295000,19980924,19980923,19980928 00:00:00,19981013,19981103,,
000731.sz,20020316,3,6.02,222332000,20020325,20020322,20020325 00:00:00,20020405,20020417,,
000731.sz,19990802,2.30769,9,97804200,19990817,19990816,19990819 00:00:00,19990901,19990920,,
000733.sz,19990302,1.875,8.8,280000000,19990317,19990316,19990319 00:00:00,19990401,19990421,,
000735.sz,19981231,3,8,145000000,19990119,19990118,19990121 00:00:00,19990203,19990310,,
000736.sz,20001023,3,15,60000000,20001107,20001106,20001108 00:00:00,20001121,20001208,,
000737.sz,20000719,3,7.5,404740000,20000801,20000731,20000802 00:00:00,20000815,20000912,,
000737.sz,19980609,3,8.5,183770000,19980625,19980624,19980629 00:00:00,19980710,19980813,,
000738.sz,19991113,2.30769,4.9,370500000,19991130,19991129,19991201 00:00:00,19991214,20000114,,
000739.sz,19990906,1.38889,7.8,136080000,19990921,19990920,19990923 00:00:00,19991013,19991105,,
000748.sz,19990918,1.7647,11,212721000,19991011,19991008,19991013 00:00:00,19991026,19991117,,
000750.sz,19991204,3,12,85000000,19991214,19991213,19991215 00:00:00,19991229,20000119,,
000751.sz,20000426,2,6.5,615000000,20000518,20000517,20000519 00:00:00,20000601,20000710,,
000752.sz,20000304,1.76471,10,112200000,20000320,20000317,20000321 00:00:00,20000403,20000418,,
000753.sz,20010217,3,12,204053000,20010305,20010302,20010306 00:00:00,20010319,20010409,,
000755.sz,20030531,3,5.21,277714000,20030609,20030606,20030609 00:00:00,20030620,20030703,,
000755.sz,20000128,3,7.5,252000000,20000228,20000225,20000229 00:00:00,20000313,20000330,,
000758.sz,20001230,1.875,10,358400000,20010116,20010115,20010117 00:00:00,20010213,20010313,,
000759.sz,20100121,2.2,5.07,560505000,20100203,20100125,20100126 00:00:00,20100201,20100209,,
000759.sz,20080108,2,6.9,335267000,20080121,20080110,20080111 00:00:00,20080117,20080128,,
000759.sz,20011213,3,8,175669000,20011221,20011220,20011221 00:00:00,20020108,20020207,,
000759.sz,19990823,3,6.8,148632000,19990907,19990906,19990909 00:00:00,19990922,19991029,,
000760.sz,19990303,3,12,96840000,19990319,19990318,19990323 00:00:00,19990405,19990521,,
000762.sz,19991216,1.57895,7.09,188195000,20000105,20000104,20000106 00:00:00,20000119,20000228,,
000766.sz,19991025,3,6.8,252560000,19991109,19991108,19991110 00:00:00,19991123,19991230,,
000767.sz,19991208,2.5,8.3,348000000,19991223,19991222,19991224 00:00:00,20000110,20000119,,
000768.sz,19990629,3,11,170000000,19990714,19990713,19990716 00:00:00,19990729,19990903,,
000776.sz,19990112,3,5.3,80000000,19990127,19990126,19990129 00:00:00,19990302,19990402,,
000778.sz,20010910,3,11.3,434500000,20010918,20010917,20010919 00:00:00,20011009,20011101,,
000778.sz,19981007,3,9,320000000,19981022,19981021,19981026 00:00:00,19981106,19981125,,
000779.sz,20000623,2.60896,8,162095000,20000710,20000707,20000711 00:00:00,20000724,20000810,,
000779.sz,19980627,3,7,100820000,19980714,19980713,19980716 00:00:00,19980729,19980820,,
000780.sz,20021220,7,6.43,283272000,20021227,20021226,20021227 00:00:00,20030110,20030120,,
000780.sz,19990816,3,8,252000000,19990831,19990830,19990902 00:00:00,19990915,19991012,,
000783.sz,20091104,3,6.5,1674800000,20091117,20091106,20091109 00:00:00,20091113,20091125,,
000783.sz,19991020,3,3.3,1080000000,19991105,19991104,19991109 00:00:00,19991122,19991213,,
000785.sz,19981210,1.875,11,171400000,19981225,19981224,19981229 00:00:00,19990112,19990203,,
000786.sz,20000803,3,15,260250000,20000818,20000817,20000821 00:00:00,20000901,20000922,,
000786.sz,19980806,3,9,155000000,19980821,19980820,19980825 00:00:00,19980907,19980929,,
000789.sz,19991213,3,6,306000000,19991229,19991228,19991230 00:00:00,20000114,20000216,,
000790.sz,20010731,3,25,79200000,20010815,20010814,20010816 00:00:00,20010829,20010926,,
000792.sz,19990809,3,7,200000000,19990824,19990823,19990826 00:00:00,19990908,19991012,,
000793.sz,20030920,3,11.59,291412000,20030929,20030926,20030929 00:00:00,20031017,20031027,,
000793.sz,20000225,3,11,254010000,20000313,20000310,20000314 00:00:00,20000327,20000425,,
000795.sz,20000808,3,8,248000000,20000823,20000822,20000824 00:00:00,20000906,20001011,,
000796.sz,20000523,1.60257,10.8,116602000,20000607,20000606,20000608 00:00:00,20000621,20000725,,
000797.sz,20000721,3,7.58,359422000,20000807,20000804,20000808 00:00:00,20000821,20000908,,
000799.sz,19990804,3,13,277500000,19990819,19990818,19990823 00:00:00,19990903,19990928,,
000800.sz,19980805,3,7.2,1050000000,19980820,19980819,19980824 00:00:00,19980904,19980924,,
000802.sz,19991011,3,7.78,105000000,19991026,19991025,19991028 00:00:00,19991110,19991130,,
000811.sz,20030412,3,8.21,123673000,20030421,20030418,20030421 00:00:00,20030513,20030526,,
000811.sz,20000223,3,7.8,113122000,20000309,20000308,20000310 00:00:00,20000323,20000418,,
000813.sz,20010108,3,8,338076000,20010206,20010205,20010207 00:00:00,20010220,20010312,,
000815.sz,20001026,3,9,114000000,20001110,20001109,20001113 00:00:00,20001124,20001222,,
000816.sz,20000406,3,9.7,276800000,20000421,20000420,20000424 00:00:00,20000512,20000602,,
000819.sz,19990719,2,10,156000000,19990803,19990802,19990805 00:00:00,19990818,19990914,,
000821.sz,20100413,3,5.6,0,20020117,20020116,20020117 00:00:00,20020121,20020128,,
000822.sz,20011106,3,10,420000000,20011114,20011113,20011114 00:00:00,20011127,20020111,,
000823.sz,20000122,3,8,328000000,20000221,20000218,20000222 00:00:00,20000306,20000330,,
000825.sz,20001223,3,6,942000000,20010109,20010108,20010110 00:00:00,20010206,20010227,,
000828.sz,19980805,2.11268,6.48,908800000,19980820,19980819,19980824 00:00:00,19980904,19981012,,
000829.sz,20000129,3,9,75000000,20000228,20000225,20000229 00:00:00,20000313,20000413,,
000830.sz,20000816,3,12,200000000,20000831,20000830,20000901 00:00:00,20000914,20001009,,
000831.sz,20000719,3,7.2,215000000,20000803,20000802,20000804 00:00:00,20000817,20000912,,
000836.sz,19990713,3,15,93754600,19990728,19990727,19990730 00:00:00,19990812,19990831,,
000837.sz,20020430,1.875,6.08,212678000,20020515,20020514,20020515 00:00:00,20020528,20020605,,
000839.sz,20000129,3,20,400000000,20000229,20000228,20000301 00:00:00,20000314,20000410,,
000848.sz,20000407,3,9.9,231000000,20000424,20000421,20000425 00:00:00,20000515,20000705,,
000850.sz,20040722,2.30769,4.72,455520000,20040730,20040729,20040730 00:00:00,20040812,20040825,,
000850.sz,20010210,3,11.5,170000000,20010226,20010223,20010227 00:00:00,20010312,20010326,,
000856.sz,20000629,3,8.8,160000000,20000714,20000713,20000717 00:00:00,20000728,20000816,,
000858.sz,20010119,2,25,480000000,20010219,20010216,20010220 00:00:00,20010305,20010323,,
000859.sz,20021123,3,7.56,235800000,20021202,20021129,20021202 00:00:00,20021213,20021226,,
000859.sz,20000616,2.5,9.5,216000000,20000703,20000630,20000704 00:00:00,20000717,20000802,,
000860.sz,20040326,3,6.5,304150000,20040405,20040402,20040405 00:00:00,20040416,20040427,,
000860.sz,20001229,3,8.5,280000000,20010116,20010115,20010117 00:00:00,20010213,20010306,,
000861.sz,20000810,3,11,65000000,20000825,20000824,20000828 00:00:00,20000908,20001010,,
000862.sz,20001125,3,10,189900000,20001211,20001208,20001212 00:00:00,20001225,20010105,,
000868.sz,19991112,3,7.18,140000000,19991129,19991126,19991130 00:00:00,19991213,20000112,,
000876.sz,20010208,2.30769,16,182026000,20010223,20010222,20010226 00:00:00,20010309,20010328,,
000877.sz,20000816,3,12.3,129460000,20000831,20000830,20000901 00:00:00,20000914,20001018,,
000878.sz,20001221,3,6.6,730800000,20010108,20010105,20010109 00:00:00,20010205,20010227,,
000880.sz,20001225,1.5,13.9,172577000,20010110,20010109,20010111 00:00:00,20010207,20010305,,
000881.sz,20001113,1.66667,10,171774000,20001127,20001124,20001128 00:00:00,20001211,20010102,,
000887.sz,20001223,3,10,280000000,20010109,20010108,20010110 00:00:00,20010206,20010223,,
000888.sz,20040925,3,8.53,118660000,20041012,20041011,20041012 00:00:00,20041025,20041112,,
000889.sz,20000609,3,13,198090000,20000626,20000623,20000627 00:00:00,20000710,20000728,,
000890.sz,20001128,2.14286,14,201600000,20001213,20001212,20001214 00:00:00,20001227,20010213,,
000897.sz,20010118,3,13,270000000,20010216,20010215,20010219 00:00:00,20010302,20010323,,
000898.sz,20070929,2.2,15.4,5042990000,20071018,20071009,20071010 00:00:00,20071016,20071025,,
000899.sz,20000826,3,7,496000000,20000911,20000908,20000912 00:00:00,20000925,20001018,,
000900.sz,20000811,4,9,285118000,20000828,20000825,20000829 00:00:00,20000911,20000929,,
000903.sz,20020820,3,9.36,180000000,20020828,20020827,20020828 00:00:00,20020910,20020919,,
000911.sz,20041008,3,7.55,240800000,20041019,20041018,20041019 00:00:00,20041101,20041119,,
000911.sz,20011008,3,10,224000000,20011016,20011015,20011017 00:00:00,20011030,20011206,,
000913.sz,20010925,3,12.76,260000000,20011010,20011009,20011011 00:00:00,20011024,20011115,,
000920.sz,20030614,3,10.98,190000000,20030623,20030620,20030623 00:00:00,20030704,20030715,,
000931.sz,20100413,10,5.78,0,19990812,19990811,19990816 00:00:00,19990818,19990913,,
000933.sz,20020516,3,13.6,228680000,20020524,20020523,20020524 00:00:00,20020606,20020618,,
000960.sz,20100113,2.4,8.98,651087000,20100127,20100118,20100119 00:00:00,20100125,20100204,,
000961.sz,20010928,3,7.5,270530000,20011015,20011012,20011016 00:00:00,20011029,20011115,,
000970.sz,20040306,2,10.7,234900000,20040316,20040315,20040316 00:00:00,20040329,20040408,,
000973.sz,20040320,3,6.19,373451000,20040330,20040329,20040330 00:00:00,20040412,20040421,,
000988.sz,20090916,2.5,5.58,328900000,20090929,20090918,20090921 00:00:00,20090925,20091015,,
002017.sz,20091202,3,4.6,153452000,20091215,20091204,20091207 00:00:00,20091211,20091224,,
002232.sz,20100309,1.5,7.58,254240000,20100322,20100311,20100312 00:00:00,20100318,20100329,,
200002.sz,19970626,2.37,4.2,0,19970709,19970711,19970717 00:00:00,19970805,19970822,,
200012.sz,19930516,5,6.9,0,19930524,19930521,19000101 00:00:00,19011214,19930628,,
200012.sz,19011214,1.935,3.73,507099000,19970723,19970725,19970731 00:00:00,19970820,19970929,,
200016.sz,19961019,3,5.85,330111000,19961030,19961029,19961105 00:00:00,19961118,19961206,,
200020.sz,19971013,3,3.74,0,19971028,19971030,19971106 00:00:00,19971119,19971222,,
200024.sz,19970624,3,4.2,320810000,19970703,19970707,19970711 00:00:00,19970729,19970827,,
200026.sz,19971015,2,7.47,138510000,19971030,19971103,19971106 00:00:00,19971119,19980105,,
200513.sz,19970627,3,4.39,227010000,19970714,19970716,19970721 00:00:00,19970806,19970821,,
